Date,Device type,Views
2023-08-01,Computer,1
2023-08-02,Computer,3
2023-08-03,Computer,1
2023-08-04,Computer,0
2023-08-05,Computer,1
2023-08-06,Computer,2
2023-08-07,Computer,5
2023-08-08,Computer,0
2023-08-09,Computer,4
2023-08-10,Computer,102
2023-08-11,Computer,56
2023-08-12,Computer,11
2023-08-13,Computer,0
2023-08-14,Computer,0
2023-08-15,Computer,2
2023-08-16,Computer,0
2023-08-17,Computer,1
2023-08-18,Computer,9
2023-08-19,Computer,16
2023-08-20,Computer,2
2023-08-21,Computer,13
2023-08-22,Computer,12
2023-08-23,Computer,56
2023-08-24,Computer,3
2023-08-25,Computer,3
2023-08-26,Computer,2
2023-08-27,Computer,3
2023-08-28,Computer,46
2023-08-01,TV,6
2023-08-02,TV,2
2023-08-03,TV,0
2023-08-04,TV,0
2023-08-05,TV,9
2023-08-06,TV,0
2023-08-07,TV,2
2023-08-08,TV,1
2023-08-09,TV,3
2023-08-10,TV,93
2023-08-11,TV,34
2023-08-12,TV,1
2023-08-13,TV,5
2023-08-14,TV,1
2023-08-15,TV,2
2023-08-16,TV,0
2023-08-17,TV,0
2023-08-18,TV,5
2023-08-19,TV,11
2023-08-20,TV,2
2023-08-21,TV,6
2023-08-22,TV,4
2023-08-23,TV,195
2023-08-24,TV,0
2023-08-25,TV,0
2023-08-26,TV,0
2023-08-27,TV,7
2023-08-28,TV,107
2023-08-01,Mobile phone,39
2023-08-02,Mobile phone,139
2023-08-03,Mobile phone,9
2023-08-04,Mobile phone,0
2023-08-05,Mobile phone,62
2023-08-06,Mobile phone,12
2023-08-07,Mobile phone,14
2023-08-08,Mobile phone,8
2023-08-09,Mobile phone,40
2023-08-10,Mobile phone,2023
2023-08-11,Mobile phone,964
2023-08-12,Mobile phone,52
2023-08-13,Mobile phone,40
2023-08-14,Mobile phone,25
2023-08-15,Mobile phone,88
2023-08-16,Mobile phone,0
2023-08-17,Mobile phone,22
2023-08-18,Mobile phone,239
2023-08-19,Mobile phone,328
2023-08-20,Mobile phone,33
2023-08-21,Mobile phone,279
2023-08-22,Mobile phone,226
2023-08-23,Mobile phone,880
2023-08-24,Mobile phone,63
2023-08-25,Mobile phone,20
2023-08-26,Mobile phone,65
2023-08-27,Mobile phone,253
2023-08-28,Mobile phone,1225
2023-08-01,Tablet,3
2023-08-02,Tablet,2
2023-08-03,Tablet,1
2023-08-04,Tablet,0
2023-08-05,Tablet,3
2023-08-06,Tablet,0
2023-08-07,Tablet,0
2023-08-08,Tablet,0
2023-08-09,Tablet,4
2023-08-10,Tablet,131
2023-08-11,Tablet,54
2023-08-12,Tablet,0
2023-08-13,Tablet,2
2023-08-14,Tablet,1
2023-08-15,Tablet,2
2023-08-16,Tablet,0
2023-08-17,Tablet,1
2023-08-18,Tablet,9
2023-08-19,Tablet,17
2023-08-20,Tablet,0
2023-08-21,Tablet,14
2023-08-22,Tablet,14
2023-08-23,Tablet,67
2023-08-24,Tablet,3
2023-08-25,Tablet,1
2023-08-26,Tablet,1
2023-08-27,Tablet,5
2023-08-28,Tablet,91
