"Files	Form	Card	User",,,,
B0013,W34 5:5,37318:11904,157,3731811904
B0014,W34 5:5,37318:12288,151,3731812288
B0015,W34 5:5,37318:12032,155,3731812032
B0016,W34 5:5,37318:12160,153,3731812160
B0017,W34 5:5,37318:12672,432,3731812672
B0018,W34 5:5,37318:12800,421,3731812800
B0019,W34 5:5,37318:15232,83,3731815232
B0020,W34 5:5,37318:18048,857,3731818048
B0021,W34 5:5,37318:18176,855,3731818176
B0022,W34 5:5,37318:18560,885,3731818560
B0023,W34 5:5,37318:11776,159,3731811776
B0024,W34 5:5,37318:09600,193,3731809600
B0025,W34 5:5,37318:11264,167,3731811264
B0026,W34 5:5,37318:09344,197,3731809344
B0027,W34 5:5,37318:08320,213,3731808320
B0028,W34 5:5,37318:08832,203,3731808832
B0029,W34 5:5,37318:19072,877,3731819072
B0030,W34 5:5,37318:18944,879,3731818944
B0031,W34 5:5,37318:18816,881,3731818816
B0032,W34 5:5,37318:18688,883,3731818688
B0033,W34 5:5,37318:19328,271,3731819328
B0034,W34 5:5,37318:19456,273,3731819456
B0035,W34 5:5,37318:19584,275,3731819584
B0036,W34 5:5,37318:19712,277,3731819712
B0037,W34 5:5,37318:19840,843,3731819840
B0038,W34 5:5,37318:20096,1243,3731820096
B0039,W34 5:5,37318:20608,1237,3731820608
B0040,W34 5:5,37318:20992,1241,3731820992
B0041,W34 5:5,37318:22784,1255,3731822784
B0042,W34 5:5,37318:22912,79,3731822912
B0043,W34 5:5,37318:20480,1249,3731820480
B0044,W34 5:5,37318:20864,1239,3731820864
B0045,W34 5:5,37318:21120,743,3731821120
B0046,W34 5:5,37318:21376,745,3731821376
B0048,W34 5:5,37318:21504,749,3731821504
B0049,W34 5:5,37318:22016,1257,3731822016
B0050,W34 5:5,37318:22144,1259,3731822144
B0052,W34 5:5,37318:22400,757,3731822400
B0054,W34 5:5,37318:22272,1261,3731822272
B0056,W34 5:5,37318:22656,1253,3731822656
B0057,W34 5:5,37318:23040,77,3731823040
B0058,W34 5:5,37318:20736,1235,3731820736
B0059,W34 5:5,37318:21632,751,3731821632
B0060,W34 5:5,37318:21760,753,3731821760
B0061,W34 5:5,37318:22528,1251,3731822528
B0062,W34 5:5,37318:21888,755,3731821888
B0063,W34 5:5,37318:10368,181,3731810368
B0064,W34 5:5,37318:10624,179,3731810624
B0065,W34 5:5,37318:11520,163,3731811520
B0066,W34 5:5,37318:14336,397,3731814336
B0067,W34 5:5,37318:14464,395,3731814464
B0068,W34 5:5,37318:12544,149,3731812544
B0069,W34 5:5,37318:08192,215,3731808192
B0070,W34 5:5,37318:09856,189,3731809856
B0071,W34 5:5,37318:09984,187,3731809984
B0072,W34 5:5,37318:10240,183,3731810240
B0073,W34 5:5,37318:10880,173,3731810880
B0074,W34 5:5,37318:14720,391,3731814720
B0075,W34 5:5,37318:10880,393,3731810880
B0076,W34 5:5,37318:11392,1209,3731811392
B0077,W34 5:5,37318:10880,1387,3731810880
B0078,W34 5:5,37318:10880,1221,3731810880
B0079,W34 5:5,37318:11648,161,3731811648
B0080,W34 5:5,37318:02944,1217,3731802944
B0081,W34 5:5,37318:14464,1167,3731814464
B0082,W34 5:5,37318:14848,1171,3731814848
B0083,W34 5:5,37318:14848,389,3731814848
B0084,W34 5:5,37317:64128,2477,3731764128
B0085,W34 5:5,37318:13696,407,3731813696
B0086,W34 5:5,37318:11008,171,3731811008
B0087,W34 5:5,37318:13824,405,3731813824
B0088,W34 5:5,37318:14976,387,3731814976
B0089,W34 5:5,37318:15104,85,3731815104
B0090,W34 5:5,37318:16000,297,3731816000
B0091,W34 5:5,37318:14464,81,3731814464
B0092,W34 5:5,37318:13568,409,3731813568
B0093,W34 5:5,37318:14464,399,3731814464
B0094,W34 5:5,37318:09728,191,3731809728
B0095,W34 5:5,37318:16256,57,3731816256
B0096,W34 5:5,37318:16512,1207,3731816512
B0097,W34 5:5,37318:15872,295,3731815872
B0098,W34 5:5,37318:05888,1181,3731805888
B0099,W34 5:5,37318:06400,45,3731806400
B0100,W34 5:5,37318:11392,165,3731811392
B0101,W34 5:5,37318:00768,1807,3731800768
B0102,W34 5:5,37317:63360,97,3731763360
B0103,W34 5:5,37318:11136,169,3731811136
B0104,W34 5:5,37318:16128,299,3731816128
B0105,W34 5:5,37318:04480,1159,3731804480
B0106,W34 5:5,37318:00896,1085,3731800896
B0107,W34 5:5,37318:14464,1203,3731814464
B0108,W34 5:5,37318:15744,1197,3731815744
B0109,W34 5:5,37318:15744,293,3731815744
B0110,W34 5:5,37318:17280,869,3731817280
B0111,W34 5:5,37318:16896,867,3731816896
B0112,W34 5:5,37318:16768,1211,3731816768
B0113,W34 5:5,37318:16896,875,3731816896
B0114,W34 5:5,37318:17024,871,3731817024
B0115,W34 5:5,37318:17152,873,3731817152
B0116,W34 5:5,37318:17536,865,3731817536
B0117,W34 5:5,37318:17664,863,3731817664
B0118,W34 5:5,37318:17920,859,3731817920
B0119,W34 5:5,37318:17792,861,3731817792
B0120,W34 5:5,37318:18304,845,3731818304
B0121,W34 5:5,37318:18432,887,3731818432
B0122,W34 5:5,37318:20224,1245,3731820224
B0123,W34 5:5,37318:19968,841,3731819968
B0124,W34 5:5,37318:23168,75,3731823168
B0125,W34 5:5,37318:23296,71,3731823296
B0126,W34 5:5,37318:13184,415,3731813184
B0127,W34 5:5,37318:15488,439,3731815488
B0128,W34 5:5,37318:10752,175,3731810752
B0129,W34 5:5,37318:02816,1185,3731802816
B0130,W34 5:5,37318:02560,1183,3731802560
B0131,W34 5:5,37318:02816,1219,3731802816
B0132,W34 5:5,37318:03200,1213,3731803200
B0134,W34 5:5,37318:03456,287,3731803456
B0135,W34 5:5,37318:03840,891,3731803840
B0136,W34 5:5,37318:03456,895,3731803456
B0137,W34 5:5,37318:04224,897,3731804224
B0138,W34 5:5,37318:04352,899,3731804352
B0139,W34 5:5,37318:04608,1161,3731804608
B0140,W34 5:5,37318:04864,1165,3731804864
B0141,W34 5:5,37318:05120,1169,3731805120
B0142,W34 5:5,37318:06912,39,3731806912
B0143,W34 5:5,37318:05120,889,3731805120
B0146,W34 5:5,37318:07424,227,3731807424
B0147,W34 5:5,37318:12416,425,3731812416
B0148,W34 5:5,37318:16384,1205,3731816384
B0149,W34 5:5,37318:12928,417,3731812928
B0150,W34 5:5,37318:13056,419,3731813056
B0152,W34 5:5,37317:52224,769,3731752224
B0155,W34 5:5,37317:54528,571,3731754528
B0161,W34 5:5,37317:54144,565,3731754144
B0162,W34 5:5,37317:54016,563,3731754016
B0163,W34 5:5,37317:53888,561,3731753888
B0165,W34 5:5,37317:55168,381,3731755168
B0166,W34 5:5,37317:55040,383,3731755040
B0167,W34 5:5,37317:54912,385,3731754912
B0168,W34 5:5,37317:54784,575,3731754784
B0169,W34 5:5,37317:54656,573,3731754656
B0170,W34 5:5,37317:54400,569,3731754400
B0171,W34 5:5,37317:55296,379,3731755296
B0172,W34 5:5,37317:55680,373,3731755680
B0173,W34 5:5,37317:55552,375,3731755552
B0174,W34 5:5,37317:55808,371,3731755808
B0175,W34 5:5,37317:55936,369,3731755936
B0176,W34 5:5,37317:56320,363,3731756320
B0177,W34 5:5,37317:56192,365,3731756192
B0179,W34 5:5,37317:56704,357,3731756704
B0180,W34 5:5,37317:50560,1403,3731750560
B0181,W34 5:5,37317:50944,1413,3731750944
B0182,W34 5:5,37317:51968,1429,3731751968
B0184,W34 5:5,37317:49536,851,3731749536
B0185,W34 5:5,37317:51328,1419,3731751328
B0186,W34 5:5,37317:51840,1427,3731751840
B0187,W34 5:5,37317:57472,345,3731757472
B0188,W34 5:5,37317:57088,351,3731757088
B0189,W34 5:5,37317:58368,331,3731758368
B0190,W34 5:5,37317:57856,339,3731757856
B0191,W34 5:5,37317:58240,333,3731758240
B0192,W34 5:5,37317:58112,335,3731758112
B0193,W34 5:5,37317:58496,329,3731758496
B0194,W34 5:5,37317:58624,715,3731758624
B0195,W34 5:5,37317:59008,709,3731759008
B0196,W34 5:5,37317:59136,707,3731759136
B0197,W34 5:5,37317:59520,2493,3731759520
B0198,W34 5:5,37317:61440,127,3731761440
B0199,W34 5:5,37318:02176,1189,3731802176
B0200,W34 5:5,37318:02304,1187,3731802304
B0201,W34 5:5,37318:03328,289,3731803328
B0202,W34 5:5,37318:04736,1163,3731804736
B0203,W34 5:5,37318:05376,1175,3731805376
B0204,W34 5:5,37317:59136,1177,3731759136
B0205,W34 5:5,37318:06144,51,3731806144
B0206,W34 5:5,37318:05760,1179,3731805760
B0207,W34 5:5,37317:64768,1395,3731764768
B0208,W34 5:5,37317:64896,1393,3731764896
B0209,W34 5:5,37317:65152,1389,3731765152
B0210,W34 5:5,37317:65408,1385,3731765408
B0211,W34 5:5,37318:00000,1383,3731800000
B0213,W34 5:5,37318:00128,1381,3731800128
B0214,W34 5:5,37318:00384,1377,3731800384
B0215,W34 5:5,37318:00256,1379,3731800256
B0216,W34 5:5,37318:00512,1375,3731800512
B0217,W34 5:5,37318:00640,717,3731800640
B0218,W34 5:5,37318:01024,703,3731801024
B0219,W34 5:5,37318:01408,1201,3731801408
B0220,W34 5:5,37318:01536,1199,3731801536
B0221,W34 5:5,37318:01792,1195,3731801792
B0222,W34 5:5,37318:02048,1191,3731802048
B0223,W34 5:5,37318:06016,53,3731806016
B0224,W34 5:5,37318:07296,229,3731807296
B0225,W34 5:5,37318:07552,225,3731807552
B0226,W34 5:5,37318:07680,223,3731807680
B0227,W34 5:5,37318:08064,217,3731808064
B0228,W34 5:5,37318:08576,209,3731808576
B0229,W34 5:5,37318:08704,207,3731808704
B0230,W34 5:5,37318:08960,205,3731808960
B0231,W34 5:5,37318:09088,201,3731809088
B0232,W34 5:5,37318:09472,195,3731809472
B0233,W34 5:5,37318:09216,199,3731809216
B0234,W34 5:5,37318:07936,219,3731807936
B0235,W34 5:5,37318:07808,221,3731807808
B0236,W34 5:5,37317:52736,543,3731752736
B0237,W34 5:5,37317:53248,551,3731753248
B0238,W34 5:5,37317:53376,553,3731753376
B0239,W34 5:5,37317:53504,555,3731753504
B0240,W34 5:5,37317:53632,557,3731753632
B0241,W34 5:5,37317:53760,559,3731753760
B0242,W34 5:5,37317:53120,549,3731753120
B0243,W34 5:5,37317:52992,547,3731752992
B0244,W34 5:5,37317:52864,545,3731752864
B0245,W34 5:5,37317:52480,765,3731752480
B0246,W34 5:5,37317:52608,541,3731752608
B0247,W34 5:5,37317:48896,791,3731748896
B0248,W34 5:5,37317:49024,623,3731749024
B0249,W34 5:5,37318:05504,893,3731805504
B0250,W34 5:5,37318:05504,1173,3731805504
B0251,W34 5:5,37318:03072,359,3731803072
B0252,W34 5:5,37317:49408,627,3731749408
B0253,W34 5:5,37317:49408,1215,3731749408
B0254,W34 5:5,37317:49408,853,3731749408
B0255,W34 5:5,37317:60672,135,3731760672
B0257,W34 5:5,37317:61568,125,3731761568
B0258,W34 5:5,37317:61824,121,3731761824
B0259,W34 5:5,37317:61952,119,3731761952
B0260,W34 5:5,37317:62208,115,3731762208
B0261,W34 5:5,37317:62336,113,3731762336
B0262,W34 5:5,37317:62464,111,3731762464
B0263,W34 5:5,37317:62592,109,3731762592
B0264,W34 5:5,37317:64000,87,3731764000
B0265,W34 5:5,37317:63872,89,3731763872
B0266,W34 5:5,37317:63744,91,3731763744
B0267,W34 5:5,37317:63616,93,3731763616
B0268,W34 5:5,37317:63232,99,3731763232
B0269,W34 5:5,37317:63104,101,3731763104
B0270,W34 5:5,37317:62976,103,3731762976
B0271,W34 5:5,37317:62848,105,3731762848
B0272,W34 5:5,37317:56832,355,3731756832
B0273,W34 5:5,37317:55424,377,3731755424
B0274,W34 5:5,37317:52096,1411,3731752096
B0275,W34 5:5,37317:62720,107,3731762720
B0276,W34 5:5,37317:59648,2491,3731759648
B0277,W34 5:5,37317:59776,2489,3731759776
B0278,W34 5:5,37317:59904,2487,3731759904
B0279,W34 5:5,37317:43264,1593,3731743264
B0280,W34 5:5,37317:43392,1591,3731743392
B0281,W34 5:5,37317:43520,1461,3731743520
B0282,W34 5:5,37317:43776,1459,3731743776
B0283,W34 5:5,37317:43904,1457,3731743904
B0284,W34 5:5,37317:44032,1455,3731744032
B0285,W34 5:5,37317:44160,1453,3731744160
B0286,W34 5:5,37317:44288,1451,3731744288
B0287,W34 5:5,37317:44416,1449,3731744416
B0288,W34 5:5,37317:44544,1447,3731744544
B0289,W34 5:5,37317:44672,1445,3731744672
B0290,W34 5:5,37317:44800,1443,3731744800
B0291,W34 5:5,37317:44928,1589,3731744928
B0292,W34 5:5,37317:45056,809,3731745056
B0293,W34 5:5,37317:45184,807,3731745184
B0294,W34 5:5,37317:45696,797,3731745696
B0295,W34 5:5,37317:34560,2361,3731734560
B0296,W34 5:5,37317:41216,1625,3731741216
B0297,W34 5:5,37317:41344,1623,3731741344
B0298,W34 5:5,37317:41472,1621,3731741472
B0299,W34 5:5,37317:42240,1609,3731742240
B0300,W34 5:5,37317:38400,1669,3731738400
B0301,W34 5:5,37317:38528,1671,3731738528
B0302,W34 5:5,37317:24704,2337,3731724704
B0303,W34 5:5,37317:25088,2341,3731725088
B0304,W34 5:5,37317:27520,2263,3731727520
B0305,W34 5:5,37317:27392,2265,3731727392
B0306,W34 5:5,37317:27136,2269,3731727136
B0307,W34 5:5,37317:27008,2271,3731727008
B0308,W34 5:5,37317:26752,2275,3731726752
B0309,W34 5:5,37317:26624,2277,3731726624
B0310,W34 5:5,37317:26496,2279,3731726496
B0311,W34 5:5,37317:25984,2287,3731725984
B0312,W34 5:5,37317:25728,2291,3731725728
B0314,W34 5:5,37317:24832,2339,3731724832
B0315,W34 5:5,37317:25856,2289,3731725856
B0316,W34 5:5,37317:24448,2333,3731724448
B0317,W34 5:5,37317:24576,2335,3731724576
B0318,W34 5:5,37317:24320,2331,3731724320
B0319,W34 5:5,37317:24192,2329,3731724192
B0320,W34 5:5,37317:23808,2323,3731723808
B0321,W34 5:5,37317:23936,2325,3731723936
B0322,W34 5:5,37317:24064,2327,3731724064
B0323,W34 5:5,37317:22784,2307,3731722784
B0324,W34 5:5,37317:23680,2321,3731723680
B0325,W34 5:5,37317:23424,2317,3731723424
B0326,W34 5:5,37317:23296,2315,3731723296
B0327,W34 5:5,37317:26368,2381,3731726368
B0328,W34 5:5,37317:28544,2247,3731728544
B0329,W34 5:5,37317:22912,2309,3731722912
B0330,W34 5:5,37317:26112,2285,3731726112
B0331,W34 5:5,37317:24960,2343,3731724960
B0332,W34 5:5,37317:23040,2311,3731723040
B0333,W34 5:5,37317:38784,1659,3731738784
B0334,W34 5:5,37317:38912,1665,3731738912
B0335,W34 5:5,37317:39040,1661,3731739040
B0336,W34 5:5,37317:39296,1653,3731739296
B0337,W34 5:5,37317:39552,1651,3731739552
B0338,W34 5:5,37317:39424,1655,3731739424
B0339,W34 5:5,37317:39808,1647,3731739808
B0340,W34 5:5,37317:40192,1641,3731740192
B0341,W34 5:5,37317:37632,1331,3731737632
B0342,W34 5:5,37317:39936,1645,3731739936
B0343,W34 5:5,37317:35328,1367,3731735328
B0344,W34 5:5,37317:32896,1047,3731732896
B0345,W34 5:5,37317:40320,1639,3731740320
B0346,W34 5:5,37317:39168,1657,3731739168
B0347,W34 5:5,37317:38656,1667,3731738656
B0348,W34 5:5,37317:40064,1643,3731740064
B0349,W34 5:5,37317:40448,1637,3731740448
B0350,W34 5:5,37317:40704,1633,3731740704
B0351,W34 5:5,37317:41984,1613,3731741984
B0352,W34 5:5,37317:41856,1615,3731741856
B0353,W34 5:5,37317:42496,1605,3731742496
B0354,W34 5:5,37317:42624,1603,3731742624
B0355,W34 5:5,37317:40960,1629,3731740960
B0356,W34 5:5,37317:41728,1617,3731741728
B0357,W34 5:5,37317:41088,1627,3731741088
B0358,W34 5:5,37317:41600,1619,3731741600
B0359,W34 5:5,37317:40832,1631,3731740832
B0360,W34 5:5,37317:40576,1635,3731740576
B0361,W34 5:5,37317:45312,805,3731745312
B0362,W34 5:5,37317:27648,2261,3731727648
B0363,W34 5:5,37317:28928,2241,3731728928
B0364,W34 5:5,37317:27776,2259,3731727776
B0365,W34 5:5,37317:27904,2257,3731727904
B0366,W34 5:5,37317:28032,2255,3731728032
B0367,W34 5:5,37317:28416,2249,3731728416
B0368,W34 5:5,37317:28160,2253,3731728160
B0369,W34 5:5,37317:28288,2251,3731728288
B0370,W34 5:5,37317:28672,2245,3731728672
B0371,W34 5:5,37317:28800,2243,3731728800
B0372,W34 5:5,37317:29056,2239,3731729056
B0373,W34 5:5,37317:29312,2235,3731729312
B0374,W34 5:5,37317:29568,2231,3731729568
B0375,W34 5:5,37317:29696,2229,3731729696
B0376,W34 5:5,37317:29184,2237,3731729184
B0377,W34 5:5,37317:30464,2217,3731730464
B0378,W34 5:5,37317:30976,2211,3731730976
B0379,W34 5:5,37317:29952,2225,3731729952
B0380,W34 5:5,37317:30208,2221,3731730208
B0381,W34 5:5,37317:30080,2223,3731730080
B0382,W34 5:5,37317:23552,2319,3731723552
B0383,W34 5:5,37317:25344,2299,3731725344
B0384,W34 5:5,37317:54272,567,3731754272
B0385,W34 5:5,37317:52352,767,3731752352
B0386,W34 5:5,37317:51712,1425,3731751712
B0387,W34 5:5,37317:51200,1417,3731751200
B0388,W34 5:5,37317:51456,1421,3731751456
B0389,W34 5:5,37317:51072,1415,3731751072
B0390,W34 5:5,37317:50432,1405,3731750432
B0391,W34 5:5,37317:50048,837,3731750048
B0392,W34 5:5,37317:49792,835,3731749792
B0393,W34 5:5,37317:50176,1409,3731750176
B0394,W34 5:5,37317:50304,1407,3731750304
B0395,W34 5:5,37317:50688,1401,3731750688
B0396,W34 5:5,37317:50816,1431,3731750816
B0397,W34 5:5,37317:49664,849,3731749664
B0398,W34 5:5,37318:23808,65,3731823808
B0399,W34 5:5,37318:14080,401,3731814080
B0400,W34 5:5,37318:13312,413,3731813312
B0401,W34 5:5,37318:13440,411,3731813440
B0402,W34 5:5,37318:23936,63,3731823936
B0403,W34 5:5,37318:24192,59,3731824192
B0404,W34 5:5,37318:13952,403,3731813952
B0405,W34 5:5,37318:23680,67,3731823680
B0406,W34 5:5,37318:23552,69,3731823552
B0407,W34 5:5,37318:23424,73,3731823424
B0408,W34 5:5,37318:24064,61,3731824064
B0409,W34 5:5,37318:20352,1247,3731820352
B0410,W34 5:5,37317:34944,2367,3731734944
B0411,W34 5:5,37317:56448,361,3731756448
B0412,W34 5:5,37317:60800,761,3731760800
B0413,W34 5:5,37317:56960,353,3731756960
B0414,W34 5:5,37317:57216,349,3731757216
B0415,W34 5:5,37317:57984,337,3731757984
B0416,W34 5:5,37317:57728,341,3731757728
B0417,W34 5:5,37317:32384,1039,3731732384
B0418,W34 5:5,37317:32256,1037,3731732256
B0419,W34 5:5,37317:31616,327,3731731616
B0420,W34 5:5,37317:31360,2203,3731731360
B0421,W34 5:5,37317:31232,2205,3731731232
B0422,W34 5:5,37317:31104,2209,3731731104
B0423,W34 5:5,37317:30336,2219,3731730336
B0424,W34 5:5,37317:30720,2207,3731730720
B0425,W34 5:5,37317:30848,2213,3731730848
B0426,W34 5:5,37317:30592,2215,3731730592
B0427,W34 5:5,37317:32000,1033,3731732000
B0428,W34 5:5,37317:31744,1029,3731731744
B0429,W34 5:5,37317:31488,2201,3731731488
B0430,W34 5:5,37317:31872,1031,3731731872
B0431,W34 5:5,37317:35456,1365,3731735456
B0432,W34 5:5,37317:38144,3,3731738144
B0433,W34 5:5,37317:38272,1663,3731738272
B0434,W34 5:5,37317:32512,1041,3731732512
B0435,W34 5:5,37317:32640,1043,3731732640
B0436,W34 5:5,37317:32768,1045,3731732768
B0437,W34 5:5,37317:33024,1049,3731733024
B0438,W34 5:5,37317:33152,1051,3731733152
B0439,W34 5:5,37317:33408,1055,3731733408
B0440,W34 5:5,37317:33536,2345,3731733536
B0441,W34 5:5,37317:33664,2347,3731733664
B0442,W34 5:5,37317:33792,2349,3731733792
B0443,W34 5:5,37317:34048,2353,3731734048
B0444,W34 5:5,37317:34176,2355,3731734176
B0445,W34 5:5,37317:34304,2357,3731734304
B0446,W34 5:5,37317:34432,2359,3731734432
B0447,W34 5:5,37317:34688,2363,3731734688
B0448,W34 5:5,37317:34816,2365,3731734816
B0449,W34 5:5,37317:35072,2369,3731735072
B0450,W34 5:5,37317:35200,1369,3731735200
B0451,W34 5:5,37317:35840,1359,3731735840
B0452,W34 5:5,37317:35968,1357,3731735968
B0453,W34 5:5,37317:36224,1353,3731736224
B0454,W34 5:5,37317:32128,1035,3731732128
B0455,W34 5:5,37317:29824,2227,3731729824
B0456,W34 5:5,37317:37376,1335,3731737376
B0457,W34 5:5,37317:35712,1361,3731735712
B0458,W34 5:5,37317:36096,1355,3731736096
B0459,W34 5:5,37317:36352,1351,3731736352
B0460,W34 5:5,37317:36480,1349,3731736480
B0461,W34 5:5,37317:36608,1349,3731736608
B0462,W34 5:5,37317:36736,1345,3731736736
B0463,W34 5:5,37317:36864,1343,3731736864
B0464,W34 5:5,37317:36992,1341,3731736992
B0465,W34 5:5,37317:37120,1339,3731737120
B0466,W34 5:5,37317:37248,1337,3731737248
B0467,W34 5:5,37317:37504,1333,3731737504
B0468,W34 5:5,37317:37760,2301,3731737760
B0469,W34 5:5,37317:37888,7,3731737888
B0470,W34 5:5,37317:38016,9,3731738016
B0471,W34 5:5,37317:33920,2351,3731733920
B0472,W34 5:5,37317:51584,1423,3731751584
B0473,W34 5:5,37318:01920,1193,3731801920
B0474,W34 5:5,37317:49920,839,3731749920
B0475,W34 5:5,37317:48256,781,3731748256
B0476,W34 5:5,37317:45440,801,3731745440
B0477,W34 5:5,37317:42752,1601,3731742752
B0478,W34 5:5,37317:42112,1611,3731742112
B0479,W34 5:5,37317:26880,2273,3731726880
B0480,W34 5:5,37317:22528,2303,3731722528
B0481,W34 5:5,37317:35584,1363,3731735584
B0482,W34 5:5,37317:49280,625,3731749280
B0483,W34 5:5,37317:56064,367,3731756064
B0484,W34 5:5,37317:58880,711,3731758880
B0485,W34 5:5,37317:60160,2483,3731760160
B0486,W34 5:5,37317:57344,347,3731757344
B0487,W34 5:5,37317:60416,2479,3731760416
B0488,W34 5:5,37317:57600,343,3731757600
B0489,W34 5:5,37317:59264,705,3731759264
B0490,W34 5:5,37317:59392,763,3731759392
B0491,W34 5:5,37317:60032,2485,3731760032
B0492,W34 5:5,37317:60288,2481,3731760288
B0493,W34 5:5,37317:60544,137,3731760544
B0494,W34 5:5,37317:60928,759,3731760928
B0495,W34 5:5,37317:61312,129,3731761312
B0496,W34 5:5,37317:62080,117,3731762080
B0497,W34 5:5,37317:64512,1399,3731764512
B0498,W34 5:5,37317:61696,123,3731761696
B0499,W34 5:5,37317:61056,133,3731761056
B0500,W34 5:5,37317:64640,1397,3731764640
B0501,W34 5:5,37317:65024,1391,3731765024
B0502,W34 5:5,37318:01280,55,3731801280
B0503,W34 5:5,37318:06528,47,3731806528
B0504,W34 5:5,37318:06656,43,3731806656
B0505,W34 5:5,37318:06784,41,3731806784
B0506,W34 5:5,37318:07168,35,3731807168
B0507,W34 5:5,37318:07040,37,3731807040
B0508,W34 5:5,37318:06272,49,3731806272
B0509,W34 5:5,37317:42880,1599,3731742880
B0510,W34 5:5,37317:43008,1597,3731743008
B0511,W34 5:5,37317:43136,1595,3731743136
B0512,W34 5:5,37317:45824,795,3731745824
B0513,W34 5:5,37317:45952,793,3731745952
B0514,W34 5:5,37317:46080,811,3731746080
B0515,W34 5:5,37317:46208,813,3731746208
B0516,W34 5:5,37317:46336,815,3731746336
B0517,W34 5:5,37317:46464,819,3731746464
B0518,W34 5:5,37317:46592,821,3731746592
B0519,W34 5:5,37317:45568,799,3731745568
B0520,W34 5:5,37317:46976,827,3731746976
B0521,W34 5:5,37317:46720,825,3731746720
B0522,W34 5:5,37317:48384,783,3731748384
B0523,W34 5:5,37317:47104,829,3731747104
B0524,W34 5:5,37317:47232,831,3731747232
B0525,W34 5:5,37317:47360,833,3731747360
B0526,W34 5:5,37317:46848,823,3731746848
B0527,W34 5:5,37317:47488,847,3731747488
B0528,W34 5:5,37317:47744,773,3731747744
B0529,W34 5:5,37317:47872,775,3731747872
B0530,W34 5:5,37317:48000,777,3731748000
B0531,W34 5:5,37317:47616,771,3731747616
B0532,W34 5:5,37317:48640,787,3731748640
B0533,W34 5:5,37317:48512,785,3731748512
B0534,W34 5:5,37317:48768,789,3731748768
B0535,W34 5:5,37317:19712,1513,3731719712
B0536,W34 5:5,37317:17408,1847,3731717408
B0537,W34 5:5,37317:19840,2497,3731719840
B0538,W34 5:5,37317:19968,2499,3731719968
B0539,W34 5:5,37317:20096,2495,3731720096
B0540,W34 5:5,37317:20224,911,3731720224
B0541,W34 5:5,37317:20352,909,3731720352
B0542,W34 5:5,37317:20480,907,3731720480
B0543,W34 5:5,37317:20608,905,3731720608
B0544,W34 5:5,37317:20992,33,3731720992
B0545,W34 5:5,37317:20864,901,3731720864
B0546,W34 5:5,37317:21120,31,3731721120
B0547,W34 5:5,37317:21248,29,3731721248
B0548,W34 5:5,37317:21376,27,3731721376
B0549,W34 5:5,37317:21504,25,3731721504
B0550,W34 5:5,37317:21632,23,3731721632
B0551,W34 5:5,37317:22144,15,3731722144
B0552,W34 5:5,37317:21760,21,3731721760
B0553,W34 5:5,37317:22016,17,3731722016
B0554,W34 5:5,37317:22272,13,3731722272
B0555,W34 5:5,37317:22400,11,3731722400
B0556,W34 5:5,37317:19456,1433,3731719456
B0557,W34 5:5,37317:48128,779,3731748128
B0558,W34 5:5,37317:25216,2297,3731725216
B0559,W34 5:5,37317:17280,1849,3731717280
B0560,W34 5:5,37317:17536,1845,3731717536
B0561,W34 5:5,37317:17664,1843,3731717664
B0562,W34 5:5,37317:18048,1769,3731718048
B0563,W34 5:5,37317:17920,1839,3731717920
B0564,W34 5:5,37317:17792,1841,3731717792
B0565,W34 5:5,37317:18176,1767,3731718176
B0566,W34 5:5,37317:18304,1765,3731718304
B0567,W34 5:5,37317:18432,1763,3731718432
B0568,W34 5:5,37317:18688,1759,3731718688
B0569,W34 5:5,37317:18816,1757,3731718816
B0570,W34 5:5,37317:19072,1753,3731719072
B0571,W34 5:5,37317:19328,1441,3731719328
B0572,W34 5:5,37317:19200,1437,3731719200
B0573,W34 5:5,37316:61696,927,3731661696
B0574,W34 5:5,37316:61568,925,3731661568
B0575,W34 5:5,37316:61440,923,3731661440
B0576,W34 5:5,37317:16768,1857,3731716768
B0577,W34 5:5,37316:61312,741,3731661312
B0578,W34 5:5,37316:61184,739,3731661184
B0579,W34 5:5,37316:61056,737,3731661056
B0580,W34 5:5,37316:60928,735,3731660928
B0581,W34 5:5,37316:60800,733,3731660800
B0582,W34 5:5,37316:60672,731,3731660672
B0583,W34 5:5,37316:60544,323,3731660544
B0584,W34 5:5,37316:60416,321,3731660416
B0585,W34 5:5,37316:60288,318,3731660288
B0586,W34 5:5,37316:60160,317,3731660160
B0587,W34 5:5,37316:60032,315,3731660032
B0588,W34 5:5,37317:01792,432,3731701792
B0589,W34 5:5,37316:55424,1907,3731655424
B0590,W34 5:5,37316:55808,1901,3731655808
B0591,W34 5:5,37317:01920,433,3731701920
B0592,W34 5:5,37317:02048,435,3731702048
B0594,W34 5:5,37317:05760,495,3731705760
B0595,W34 5:5,37317:04480,475,3731704480
B0596,W34 5:5,37317:04608,477,3731704608
B0597,W34 5:5,37317:12672,1465,3731712672
B0598,W34 5:5,37317:12544,1467,3731712544
B0599,W34 5:5,37317:12416,1469,3731712416
B0600,W34 5:5,37317:12288,1471,3731712288
B0601,W34 5:5,37317:12160,1473,3731712160
B0602,W34 5:5,37317:12032,1475,3731712032
B0603,W34 5:5,37317:11904,1477,3731711904
B0604,W34 5:5,37317:11776,1479,3731711776
B0605,W34 5:5,37317:11648,1481,3731711648
B0606,W34 5:5,37317:11520,1483,3731711520
B0607,W34 5:5,37317:11264,1487,3731711264
B0608,W34 5:5,37317:11392,1485,3731711392
B0609,W34 5:5,37317:15360,1489,3731715360
B0610,W34 5:5,37317:15616,1875,3731715616
B0611,W34 5:5,37317:15744,1873,3731715744
B0612,W34 5:5,37317:16000,1869,3731716000
B0613,W34 5:5,37317:16128,1867,3731716128
B0614,W34 5:5,37317:15872,1871,3731715872
B0615,W34 5:5,37317:16512,1861,3731716512
B0616,W34 5:5,37317:16896,1855,3731716896
B0617,W34 5:5,37317:17024,1853,3731717024
B0618,W34 5:5,37317:17152,1851,3731717152
B0619,W34 5:5,37317:14208,249,3731714208
B0620,W34 5:5,37317:14080,247,3731714080
B0621,W34 5:5,37317:14592,255,3731714592
B0622,W34 5:5,37317:15488,1877,3731715488
B0623,W34 5:5,37317:14720,257,3731714720
B0624,W34 5:5,37317:14848,259,3731714848
B0625,W34 5:5,37317:14976,1885,3731714976
B0626,W34 5:5,37317:15104,1887,3731715104
B0627,W34 5:5,37317:15232,1889,3731715232
B0628,W34 5:5,37317:13440,237,3731713440
B0629,W34 5:5,37317:13824,243,3731713824
B0630,W34 5:5,37317:14336,251,3731714336
B0631,W34 5:5,37316:61824,929,3731661824
B0632,W34 5:5,37317:58752,713,3731758752
B0633,W34 5:5,37317:12928,231,3731712928
B0634,W34 5:5,37317:12800,301,3731712800
B0635,W34 5:5,37317:16384,1863,3731716384
B0636,W34 5:5,37317:16256,1865,3731716256
B0637,W34 5:5,37316:59264,303,3731659264
B0638,W34 5:5,37316:59136,261,3731659136
B0639,W34 5:5,37316:61952,263,3731661952
B0640,W34 5:5,37316:62080,265,3731662080
B0641,W34 5:5,37316:62208,267,3731662208
B0642,W34 5:5,37316:62336,1019,3731662336
B0643,W34 5:5,37316:62464,1017,3731662464
B0644,W34 5:5,37316:62592,1015,3731662592
B0645,W34 5:5,37316:63360,1003,3731663360
B0646,W34 5:5,37316:65280,673,3731665280
B0647,W34 5:5,37316:64896,679,3731664896
B0648,W34 5:5,37316:65152,675,3731665152
B0649,W34 5:5,37316:64768,681,3731664768
B0650,W34 5:5,37316:64640,683,3731664640
B0651,W34 5:5,37316:64512,685,3731664512
B0652,W34 5:5,37316:64384,687,3731664384
B0653,W34 5:5,37316:64256,689,3731664256
B0654,W34 5:5,37316:64000,693,3731664000
B0655,W34 5:5,37316:63744,697,3731663744
B0656,W34 5:5,37316:63488,701,3731663488
B0657,W34 5:5,37316:63616,699,3731663616
B0658,W34 5:5,37316:63872,695,3731663872
B0659,W34 5:5,37316:64128,691,3731664128
B0660,W34 5:5,37316:65024,677,3731665024
B0661,W34 5:5,37316:65408,671,3731665408
B0662,W34 5:5,37316:62720,1013,3731662720
B0663,W34 5:5,37316:62848,1011,3731662848
B0664,W34 5:5,37316:62976,1009,3731662976
B0665,W34 5:5,37316:63104,1007,3731663104
B0666,W34 5:5,37316:63232,1005,3731663232
B0667,W34 5:5,37317:00000,669,3731700000
B0668,W34 5:5,37317:00128,667,3731700128
B0669,W34 5:5,37317:00256,665,3731700256
B0670,W34 5:5,37317:00384,663,3731700384
B0671,W34 5:5,37317:00512,661,3731700512
B0672,W34 5:5,37317:00640,659,3731700640
B0674,W34 5:5,37317:00768,657,3731700768
B0675,W34 5:5,37317:00896,655,3731700896
B0676,W34 5:5,37317:01024,653,3731701024
B0677,W34 5:5,37317:01152,651,3731701152
B0678,W34 5:5,37317:01280,649,3731701280
B0679,W34 5:5,37317:01408,427,3731701408
B0680,W34 5:5,37317:01536,429,3731701536
B0681,W34 5:5,37317:01664,431,3731701664
B0682,W34 5:5,37317:02560,445,3731702560
B0683,W34 5:5,37317:02304,441,3731702304
B0684,W34 5:5,37317:02176,437,3731702176
B0685,W34 5:5,37317:02432,443,3731702432
B0686,W34 5:5,37317:05632,493,3731705632
B0687,W34 5:5,37317:02688,447,3731702688
B0688,W34 5:5,37317:02816,449,3731702816
B0689,W34 5:5,37317:02944,451,3731702944
B0690,W34 5:5,37317:03072,453,3731703072
B0691,W34 5:5,37317:03200,455,3731703200
B0692,W34 5:5,37317:03328,457,3731703328
B0693,W34 5:5,37317:03456,459,3731703456
B0694,W34 5:5,37317:03584,461,3731703584
B0695,W34 5:5,37317:03712,463,3731703712
B0696,W34 5:5,37317:03840,465,3731703840
B0697,W34 5:5,37317:03968,467,3731703968
B0698,W34 5:5,37317:04096,469,3731704096
B0699,W34 5:5,37317:04224,471,3731704224
B0700,W34 5:5,37317:04352,473,3731704352
B0701,W34 5:5,37316:56576,979,3731656576
B0702,W34 5:5,37316:55680,1903,3731655680
B0703,W34 5:5,37316:56064,971,3731656064
B0704,W34 5:5,37316:56192,973,3731656192
B0706,W34 5:5,37316:56320,975,3731656320
B0707,W34 5:5,37316:56704,981,3731656704
B0708,W34 5:5,37316:56832,983,3731656832
B0709,W34 5:5,37316:56960,985,3731656960
B0710,W34 5:5,37316:57088,987,3731657088
B0712,W34 5:5,37316:57216,1001,3731657216
B0713,W34 5:5,37316:57344,999,3731657344
B0714,W34 5:5,37316:57472,997,3731657472
B0715,W34 5:5,37316:57600,995,3731657600
B0716,W34 5:5,37316:57728,993,3731657728
B0717,W34 5:5,37316:57856,991,3731657856
B0718,W34 5:5,37316:58880,943,3731658880
B0719,W34 5:5,37316:58752,941,3731658752
B0720,W34 5:5,37316:58624,939,3731658624
B0721,W34 5:5,37316:57984,937,3731657984
B0722,W34 5:5,37316:58368,935,3731658368
B0723,W34 5:5,37316:58240,933,3731658240
B0724,W34 5:5,37316:58112,931,3731658112
B0725,W34 5:5,37316:59008,945,3731659008
B0726,W34 5:5,37317:18560,1761,3731718560
B0727,W34 5:5,37317:18944,1755,3731718944
B0728,W34 5:5,37317:20736,903,3731720736
B0729,W34 5:5,37317:25600,2293,3731725600
B0730,W34 5:5,37317:22656,2305,3731722656
B0731,W34 5:5,37316:59904,313,3731659904
B0732,W34 5:5,37316:59776,311,3731659776
B0733,W34 5:5,37316:59648,309,3731659648
B0734,W34 5:5,37316:59520,307,3731659520
B0735,W34 5:5,37316:59392,305,3731659392
B0736,W34 5:5,37317:05504,491,3731705504
B0737,W34 5:5,37317:05376,489,3731705376
B0738,W34 5:5,37317:05248,487,3731705248
B0739,W34 5:5,37317:05120,485,3731705120
B0740,W34 5:5,37317:04736,479,3731704736
B0741,W34 5:5,37317:04864,481,3731704864
B0742,W34 5:5,37317:04992,483,3731704992
B0744,W34 5:5,37317:13184,233,3731713184
B0745,W34 5:5,37316:55552,1905,3731655552
B0746,W34 5:5,37316:55168,1911,3731655168
B0747,W34 5:5,37316:53760,1745,3731653760
B0748,W34 5:5,37316:53120,1735,3731653120
B0749,W34 5:5,37316:54144,1751,3731654144
B0750,W34 5:5,37316:54272,1925,3731654272
B0751,W34 5:5,37316:54400,1923,3731654400
B0752,W34 5:5,37316:54784,1917,3731654784
B0753,W34 5:5,37316:54912,1915,3731654912
B0754,W34 5:5,37316:54656,1919,3731654656
B0755,W34 5:5,37316:55040,1913,3731655040
B0756,W34 5:5,37316:55296,1909,3731655296
B0757,W34 5:5,37316:54016,1749,3731654016
B0758,W34 5:5,37316:53888,1747,3731653888
B0759,W34 5:5,37316:53376,1739,3731653376
B0760,W34 5:5,37316:53632,1743,3731653632
B0761,W34 5:5,37316:56448,977,3731656448
B0762,W34 5:5,37316:53248,1737,3731653248
B0763,W34 5:5,37316:52096,1719,3731652096
B0764,W34 5:5,37316:52864,1731,3731652864
B0765,W34 5:5,37316:51712,1713,3731651712
B0766,W34 5:5,37316:51584,1711,3731651584
B0767,W34 5:5,37316:51456,1709,3731651456
B0768,W34 5:5,37316:51328,1707,3731651328
B0769,W34 5:5,37316:50944,1707,3731650944
B0770,W34 5:5,37316:50816,1699,3731650816
B0771,W34 5:5,37316:51072,1703,3731651072
B0772,W34 5:5,37316:50432,727,3731650432
B0773,W34 5:5,37316:50688,1697,3731650688
B0774,W34 5:5,37316:49664,1439,3731649664
B0775,W34 5:5,37316:49024,955,3731649024
B0776,W34 5:5,37316:55552,723,3731655552
B0777,W34 5:5,37316:55552,719,3731655552
B0778,W34 5:5,37316:49536,947,3731649536
B0779,W34 5:5,37316:55552,949,3731655552
B0780,W34 5:5,37316:49152,953,3731649152
B0781,W34 5:5,37316:50944,1463,3731650944
B0782,W34 5:5,37317:25472,2295,3731725472
B0783,W34 5:5,37317:13056,325,3731713056
B0784,W34 5:5,37317:13568,239,3731713568
B0785,W34 5:5,37317:29440,2233,3731729440
B0786,W34 5:5,37317:16640,1859,3731716640
B0787,W34 5:5,37316:15104,1799,3731615104
B0788,W34 5:5,37317:29440,235,3731729440
B0789,W34 5:5,37317:29440,241,3731729440
B0790,W34 5:5,37317:13952,245,3731713952
B0791,W34 5:5,37317:08576,539,3731708576
B0792,W34 5:5,37317:08448,537,3731708448
B0793,W34 5:5,37317:08320,535,3731708320
B0794,W34 5:5,37316:50944,533,3731650944
B0795,W34 5:5,37317:08064,531,3731708064
B0796,W34 5:5,37316:50944,529,3731650944
B0797,W34 5:5,37317:07808,527,3731707808
B0798,W34 5:5,37317:07680,525,3731707680
B0799,W34 5:5,37317:07552,523,3731707552
B0800,W34 5:5,37316:50944,521,3731650944
B0801,W34 5:5,37317:07296,519,3731707296
B0802,W34 5:5,37317:07040,517,3731707040
B0803,W34 5:5,37317:07168,515,3731707168
B0804,W34 5:5,37317:11136,1489,3731711136
B0805,W34 5:5,37317:11008,1491,3731711008
B0806,W34 5:5,37317:10880,1493,3731710880
B0807,W34 5:5,37317:10752,1497,3731710752
B0808,W34 5:5,37317:10624,1495,3731710624
B0809,W34 5:5,37317:10496,1499,3731710496
B0810,W34 5:5,37317:10368,1501,3731710368
B0811,W34 5:5,37317:10240,1503,3731710240
B0812,W34 5:5,37317:10112,1673,3731710112
B0813,W34 5:5,37317:09984,1675,3731709984
B0814,W34 5:5,37317:09856,1677,3731709856
B0815,W34 5:5,37317:09728,1679,3731709728
B0816,W34 5:5,37317:07936,1681,3731707936
B0817,W34 5:5,37317:09472,1683,3731709472
B0818,W34 5:5,37317:09344,1685,3731709344
B0819,W34 5:5,37317:09216,1687,3731709216
B0820,W34 5:5,37317:09088,1689,3731709088
B0821,W34 5:5,37317:07936,1691,3731707936
B0822,W34 5:5,37317:07936,1693,3731707936
B0823,W34 5:5,37317:07936,1695,3731707936
B0824,W34 5:5,37317:05888,497,3731705888
B0825,W34 5:5,37317:07936,513,3731707936
B0826,W34 5:5,37317:06016,499,3731706016
B0827,W34 5:5,37317:06144,501,3731706144
B0828,W34 5:5,37317:06272,503,3731706272
B0829,W34 5:5,37317:07936,505,3731707936
B0830,W34 5:5,37317:06528,507,3731706528
B0831,W34 5:5,37316:50944,509,3731650944
B0832,W34 5:5,37317:06784,511,3731706784
B0833,W34 5:5,37316:52480,1725,3731652480
B0834,W34 5:5,37317:64256,2475,3731764256
B0835,W34 5:5,37317:64384,2473,3731764384
B0836,W34 5:5,37317:63488,95,3731763488
B0837,W34 5:5,37318:19200,269,3731819200
B0838,W34 5:5,37317:14464,253,3731714464
B0839,W34 5:5,37317:14464,211,3731714464
B0840,W34 5:5,37318:10112,185,3731810112
B0841,W34 5:5,37318:10496,177,3731810496
B0842,W34 5:5,37316:52992,1733,3731652992
B0843,W34 5:5,37316:53504,1741,3731653504
B0844,W34 5:5,37316:52992,725,3731652992
B0845,W34 5:5,37316:50560,729,3731650560
B0846,W34 5:5,37316:51840,1715,3731651840
B0847,W34 5:5,37316:51968,1717,3731651968
B0848,W34 5:5,37316:52224,1721,3731652224
B0849,W34 5:5,37316:52352,1723,3731652352
B0850,W34 5:5,37316:52608,1727,3731652608
B0851,W34 5:5,37316:52736,1729,3731652736
B0852,W34 5:5,37316:50048,721,3731650048
B0853,W34 5:5,37316:51200,1705,3731651200
B0854,W34 5:5,37316:44032,2049,3731644032
B0855,W34 5:5,37316:49792,967,3731649792
B0856,W34 5:5,37316:45568,2091,3731645568
B0857,W34 5:5,37316:45696,2089,3731645696
B0858,W34 5:5,37316:47616,2087,3731647616
B0859,W34 5:5,37316:46336,2071,3731646336
B0860,W34 5:5,37316:47360,921,3731647360
B0861,W34 5:5,37316:47488,2045,3731647488
B0862,W34 5:5,37316:47872,2085,3731647872
B0863,W34 5:5,37316:47744,2059,3731647744
B0864,W34 5:5,37316:48000,2083,3731648000
B0865,W34 5:5,37316:48512,963,3731648512
B0867,W34 5:5,37316:44800,2003,3731644800
B0868,W34 5:5,37316:44672,2055,3731644672
B0869,W34 5:5,37316:44928,2001,3731644928
B0870,W34 5:5,37316:45056,2099,3731645056
B0871,W34 5:5,37316:45184,2097,3731645184
B0872,W34 5:5,37316:48000,2069,3731648000
B0873,W34 5:5,37316:48000,2095,3731648000
B0874,W34 5:5,12955:25701,2093,1295525701
B0875,W34 5:5,37316:45824,2063,3731645824
B0876,W34 5:5,37316:46080,2067,3731646080
B0877,W34 5:5,37316:45952,2065,3731645952
B0878,W34 5:5,37316:46464,2073,3731646464
B0879,W34 5:5,37316:46592,2075,3731646592
B0880,W34 5:5,12955:25701,2077,1295525701
B0881,W34 5:5,37316:46848,2079,3731646848
B0882,W34 5:5,37316:46848,20781,3731646848
B0883,W34 5:5,37316:46976,2081,3731646976
B0884,W34 5:5,37316:47104,917,3731647104
B0885,W34 5:5,37316:47232,919,3731647232
B0886,W34 5:5,37316:42752,2017,3731642752
B0887,W34 5:5,37316:44160,2047,3731644160
B0888,W34 5:5,37316:49280,915,3731649280
B0889,W34 5:5,37316:46976,1300,3731646976
B0890,W34 5:5,37317:21888,19,3731721888
B0891,W34 5:5,37316:48384,965,3731648384
B0892,W34 5:5,37316:46976,961,3731646976
B0893,W34 5:5,37316:48000,957,3731648000
B0894,W34 5:5,37316:48768,959,3731648768
B0895,W34 5:5,37316:43648,2057,3731643648
B0896,W34 5:5,37316:42880,2009,3731642880
B0897,W34 5:5,37316:43264,2015,3731643264
B0898,W34 5:5,37316:43392,2013,3731643392
B0899,W34 5:5,37316:43520,2061,3731643520
B0900,W34 5:5,37316:43776,2053,3731643776
B0901,W34 5:5,37316:43136,2005,3731643136
B0902,W34 5:5,37316:43904,2051,3731643904
B0903,W34 5:5,37316:44288,2043,3731644288
B0904,W34 5:5,37316:46976,2041,3731646976
B0905,W34 5:5,37316:46976,2039,3731646976
B0906,W34 5:5,37316:48256,913,3731648256
B0907,W34 5:5,37316:46976,2377,3731646976
B0908,W34 5:5,37316:42368,2033,3731642368
B0909,W34 5:5,37316:46976,2023,3731646976
B0910,W34 5:5,37316:42240,2025,3731642240
B0911,W34 5:5,37316:43008,2007,3731643008
B0912,W34 5:5,37316:42624,2019,3731642624
B0913,W34 5:5,37316:42496,2021,3731642496
B0914,W34 5:5,37316:46976,2035,3731646976
B0915,W34 5:5,37316:41728,2033,3731641728
B0916,W34 5:5,37316:42112,2027,3731642112
B0917,W34 5:5,37316:41216,2375,3731641216
B0918,W34 5:5,37316:41856,2031,3731641856
B0919,W34 5:5,37316:46976,2029,3731646976
B0920,W34 5:5,37316:41088,2373,3731641088
B0921,W34 5:5,37316:41472,2037,3731641472
B0922,W34 5:5,37316:40064,2389,3731640064
B0923,W34 5:5,37316:40320,2385,3731640320
B0924,W34 5:5,37316:40576,2381,3731640576
B0925,W34 5:5,37316:40704,2379,3731640704
B0926,W34 5:5,37316:40832,2011,3731640832
B0927,W34 5:5,37316:46976,2371,3731646976
B0928,W34 5:5,37316:39936,2397,3731639936
B0929,W34 5:5,37316:39808,2395,3731639808
B0930,W34 5:5,37316:46976,2387,3731646976
B0931,W34 5:5,37316:40704,2383,3731640704
B0932,W34 5:5,37316:40704,2403,3731640704
B0933,W34 5:5,37316:40704,2405,3731640704
B0934,W34 5:5,37316:40704,2407,3731640704
B0935,W34 5:5,37316:39552,2391,3731639552
B0936,W34 5:5,37316:40704,2393,3731640704
B0937,W34 5:5,37316:38784,2421,3731638784
B0938,W34 5:5,37316:40704,2399,3731640704
B0939,W34 5:5,37316:39040,2401,3731639040
B0940,W34 5:5,37316:38656,2419,3731638656
B0941,W34 5:5,37316:40704,2413,3731640704
B0942,W34 5:5,37316:40704,2415,3731640704
B0943,W34 5:5,37316:46976,2417,3731646976
B0944,W34 5:5,37316:38016,2409,3731638016
B0945,W34 5:5,37316:38144,2411,3731638144
B0946,W34 5:5,37316:40704,2433,3731640704
B0947,W34 5:5,37316:36480,2447,3731636480
B0948,W34 5:5,37316:35584,2459,3731635584
B0949,W34 5:5,37316:40704,2457,3731640704
B0950,W34 5:5,37316:35712,2455,3731635712
B0951,W34 5:5,37316:36224,2451,3731636224
B0952,W34 5:5,37316:35712,2453,3731635712
B0953,W34 5:5,37316:36096,2449,3731636096
B0954,W34 5:5,37316:36352,2445,3731636352
B0955,W34 5:5,37316:36864,2443,3731636864
B0956,W34 5:5,37316:35712,2439,3731635712
B0957,W34 5:5,37316:46976,2441,3731646976
B0958,W34 5:5,37316:37120,2435,3731637120
B0959,W34 5:5,37316:35712,2437,3731635712
B0960,W34 5:5,37316:46976,2423,3731646976
B0961,W34 5:5,37316:35712,2425,3731635712
B0962,W34 5:5,37316:35712,2427,3731635712
B0963,W34 5:5,37316:37760,2429,3731637760
B0964,W34 5:5,37316:37888,2431,3731637888
B0966,W34 5:5,37316:32000,1263,3731632000
B0967,W34 5:5,37316:32128,1373,3731632128
B0968,W34 5:5,37316:32256,1371,3731632256
B0969,W34 5:5,37316:32640,1325,3731632640
B0970,W34 5:5,37316:32512,1327,3731632512
B0971,W34 5:5,37316:32768,1323,3731632768
B0972,W34 5:5,37316:32896,1321,3731632896
B0973,W34 5:5,37316:33024,1319,3731633024
B0974,W34 5:5,37316:33152,1317,3731633152
B0975,W34 5:5,37316:33536,1311,3731633536
B0976,W34 5:5,37316:33408,1313,3731633408
B0977,W34 5:5,37316:34432,1233,3731634432
B0978,W34 5:5,37316:33792,143,3731633792
B0979,W34 5:5,37316:33664,141,3731633664
B0980,W34 5:5,37316:34048,1305,3731634048
B0981,W34 5:5,37316:33920,139,3731633920
B0982,W34 5:5,37316:34176,147,3731634176
B0983,W34 5:5,37316:34304,145,3731634304
B0984,W34 5:5,37316:35712,1307,3731635712
B0985,W34 5:5,37316:34944,2469,3731634944
B0986,W34 5:5,37316:34816,1309,3731634816
B0987,W34 5:5,37316:34560,1303,3731634560
B0988,W34 5:5,37316:35072,2467,3731635072
B0989,W34 5:5,37316:35200,2465,3731635200
B0990,W34 5:5,37316:35328,2463,3731635328
B0991,W34 5:5,37316:35456,2461,3731635456
B0992,W34 5:5,37317:23168,2313,3731723168
B0993,W34 5:5,37317:26240,2283,3731726240
B0994,W34 5:5,37316:10496,1977,3731610496
B0995,W34 5:5,37316:11648,1998,3731611648
B0996,W34 5:5,37316:10368,1975,3731610368
B0997,W34 5:5,37316:10752,1981,3731610752
B0998,W34 5:5,37316:11264,1989,3731611264
B0999,W34 5:5,37316:11520,1995,3731611520
B1000,W34 5:5,37316:19072,1525,3731619072
B1001,W34 5:5,37316:21632,1511,3731621632
B1002,W34 5:5,37316:29568,1299,3731629568
B1003,W34 5:5,37315:46080,1955,3731546080
B1004,W34 5:5,37315:46464,1961,3731546464
B1005,W34 5:5,37315:46592,1963,3731546592
B1006,W34 5:5,37315:46720,1965,3731546720
B1007,W34 5:5,37315:46208,1957,3731546208
B1008,W34 5:5,37316:10240,1973,3731610240
B1009,W34 5:5,37315:47104,1969,3731547104
B1010,W34 5:5,37316:10624,1979,3731610624
B1011,W34 5:5,37315:47232,1971,3731547232
B1012,W34 5:5,37316:11392,1993,3731611392
B1013,W34 5:5,37316:16512,1777,3731616512
B1014,W34 5:5,37316:30080,1293,3731630080
B1015,W34 5:5,37316:27008,1117,3731627008
B1016,W34 5:5,37315:46848,1967,3731546848
B1017,W34 5:5,37315:46336,1959,3731546336
B1018,W34 5:5,37316:12928,1833,3731612928
B1019,W34 5:5,37316:13056,1831,3731613056
B1020,W34 5:5,37316:55936,969,3731655936
B1021,W34 5:5,37316:32384,1329,3731632384
B1022,W34 5:5,37316:29440,1323,3731629440
B1023,W34 5:5,37316:31872,1265,3731631872
B1024,W34 5:5,37316:30976,1279,3731630976
B1025,W34 5:5,37316:31104,1277,3731631104
B1026,W34 5:5,37316:31232,1275,3731631232
B1027,W34 5:5,37316:31360,1273,3731631360
B1028,W34 5:5,37316:31488,1271,3731631488
B1029,W34 5:5,37316:31744,1267,3731631744
B1030,W34 5:5,37316:30592,1285,3731630592
B1031,W34 5:5,37316:30848,1281,3731630848
B1032,W34 5:5,37316:31616,1269,3731631616
B1033,W34 5:5,37316:30464,1287,3731630464
B1034,W34 5:5,37316:30336,1289,3731630336
B1035,W34 5:5,37316:29056,1229,3731629056
B1036,W34 5:5,37316:28416,1095,3731628416
B1037,W34 5:5,37316:28800,1089,3731628800
B1038,W34 5:5,37316:28928,1231,3731628928
B1039,W34 5:5,37316:28544,1093,3731628544
B1040,W34 5:5,37316:29184,1227,3731629184
B1041,W34 5:5,37316:29824,1297,3731629824
B1042,W34 5:5,37316:30720,1283,3731630720
B1043,W34 5:5,37316:30208,1291,3731630208
B1044,W34 5:5,37316:29952,1295,3731629952
B1045,W34 5:5,37316:29312,1225,3731629312
B1046,W34 5:5,37316:27648,1107,3731627648
B1047,W34 5:5,37316:27904,1103,3731627904
B1048,W34 5:5,37316:28032,1101,3731628032
B1049,W34 5:5,37316:28160,1099,3731628160
B1050,W34 5:5,37316:28288,1097,3731628288
B1051,W34 5:5,37316:28672,1091,3731628672
B1052,W34 5:5,37316:25856,1135,3731625856
B1053,W34 5:5,37316:25984,1133,3731625984
B1054,W34 5:5,37316:26240,1129,3731626240
B1055,W34 5:5,37316:26752,1121,3731626752
B1056,W34 5:5,37316:26880,1119,3731626880
B1057,W34 5:5,37316:26624,1123,3731626624
B1058,W34 5:5,37316:27392,1111,3731627392
B1059,W34 5:5,37316:27520,1109,3731627520
B1060,W34 5:5,37316:27264,1113,3731627264
B1061,W34 5:5,37316:27136,1115,3731627136
B1062,W34 5:5,37316:26496,1125,3731626496
B1063,W34 5:5,37316:24960,1149,3731624960
B1064,W34 5:5,37316:25088,1147,3731625088
B1065,W34 5:5,37316:25216,1145,3731625216
B1066,W34 5:5,37316:25344,1143,3731625344
B1067,W34 5:5,37316:25472,1141,3731625472
B1068,W34 5:5,37316:25600,1139,3731625600
B1069,W34 5:5,37316:25728,1137,3731625728
B1070,W34 5:5,37316:26368,1127,3731626368
B1071,W34 5:5,37316:24064,1079,3731624064
B1072,W34 5:5,37316:24832,1151,3731624832
B1073,W34 5:5,37316:24704,1153,3731624704
B1074,W34 5:5,37316:24576,1155,3731624576
B1075,W34 5:5,37316:23936,1077,3731623936
B1076,W34 5:5,37316:24448,1157,3731624448
B1077,W34 5:5,37316:17664,1577,3731617664
B1078,W34 5:5,37316:18560,1517,3731618560
B1079,W34 5:5,37316:17152,1585,3731617152
B1081,W34 5:5,37316:17408,1581,3731617408
B1082,W34 5:5,37316:17920,1573,3731617920
B1083,W34 5:5,37316:18432,1565,3731618432
B1084,W34 5:5,37316:18304,1567,3731618304
B1086,W34 5:5,37316:18816,1519,3731618816
B1087,W34 5:5,37316:19328,1535,3731619328
B1088,W34 5:5,37316:19456,1541,3731619456
B1089,W34 5:5,37316:20992,1543,3731620992
B1090,W34 5:5,37316:21120,1533,3731621120
B1091,W34 5:5,37316:19968,1557,3731619968
B1092,W34 5:5,37316:21888,1507,3731621888
B1093,W34 5:5,37316:19840,1561,3731619840
B1094,W34 5:5,37316:20352,1553,3731620352
B1095,W34 5:5,37316:20480,1551,3731620480
B1096,W34 5:5,37316:20608,1549,3731620608
B1097,W34 5:5,37316:21248,1531,3731621248
B1098,W34 5:5,37316:20736,1547,3731620736
B1099,W34 5:5,37316:20096,1559,3731620096
B1100,W34 5:5,37316:22656,1059,3731622656
B1101,W34 5:5,37316:22912,1061,3731622912
B1102,W34 5:5,37316:23040,1063,3731623040
B1103,W34 5:5,37316:23808,1075,3731623808
B1104,W34 5:5,37316:24192,1081,3731624192
B1105,W34 5:5,37316:24320,1083,3731624320
B1106,W34 5:5,37316:23680,1073,3731623680
B1107,W34 5:5,37316:17792,1575,3731617792
B1108,W34 5:5,37316:22144,1027,3731622144
B1109,W34 5:5,37316:22784,1057,3731622784
B1110,W34 5:5,37316:23168,1065,3731623168
B1111,W34 5:5,37316:23296,1067,3731623296
B1112,W34 5:5,37316:23424,1069,3731623424
B1114,W34 5:5,37316:23552,1071,3731623552
B1115,W34 5:5,37316:17536,1579,3731617536
B1116,W34 5:5,37316:12544,1883,3731612544
B1117,W34 5:5,37316:16256,1781,3731616256
B1118,W34 5:5,37316:11136,1987,3731611136
B1119,W34 5:5,37316:22016,1505,3731622016
B1121,W34 5:5,37316:22272,1025,3731622272
B1122,W34 5:5,37316:22400,1023,3731622400
B1123,W34 5:5,37316:22528,1021,3731622528
B1124,W34 5:5,37316:16000,1785,3731616000
B1125,W34 5:5,37316:16640,1775,3731616640
B1126,W34 5:5,37316:16384,1779,3731616384
B1127,W34 5:5,37316:16768,1773,3731616768
B1128,W34 5:5,37316:16896,1771,3731616896
B1129,W34 5:5,37316:17024,1587,3731617024
B1130,W34 5:5,37316:18048,1571,3731618048
B1131,W34 5:5,37316:18176,1569,3731618176
B1132,W34 5:5,37316:14592,1807,3731614592
B1133,W34 5:5,37316:14720,1805,3731614720
B1134,W34 5:5,37316:14848,1803,3731614848
B1135,W34 5:5,37316:15232,1797,3731615232
B1136,W34 5:5,37316:15360,1795,3731615360
B1137,W34 5:5,37316:15488,1793,3731615488
B1138,W34 5:5,37316:15616,1791,3731615616
B1139,W34 5:5,37316:15872,1787,3731615872
B1140,W34 5:5,37316:16128,1783,3731616128
B1141,W34 5:5,37316:13184,1829,3731613184
B1142,W34 5:5,37316:13440,1825,3731613440
B1143,W34 5:5,37316:13568,1823,3731613568
B1144,W34 5:5,37316:13696,1821,3731613696
B1145,W34 5:5,37316:14336,1811,3731614336
B1146,W34 5:5,37316:14080,1815,3731614080
B1147,W34 5:5,37316:13952,1817,3731613952
B1148,W34 5:5,37316:14208,1813,3731614208
B1149,W34 5:5,37316:12032,1895,3731612032
B1150,W34 5:5,37316:12416,1881,3731612416
B1151,W34 5:5,37316:12672,1837,3731612672
B1152,W34 5:5,37316:12800,1835,3731612800
B1153,W34 5:5,37316:15744,1789,3731615744
B1154,W34 5:5,37316:54528,1921,3731654528
B1155,W34 5:5,37316:11904,1893,3731611904
B1156,W34 5:5,37315:45056,1939,3731545056
B1157,W34 5:5,37316:12160,1897,3731612160
B1158,W34 5:5,37316:12288,1899,3731612288
B1159,W34 5:5,37316:14976,1801,3731614976
B1160,W34 5:5,37316:20224,1555,3731620224
B1161,W34 5:5,37316:21504,1537,3731621504
B1162,W34 5:5,37316:13824,1819,3731613824
B1163,W34 5:5,37316:21376,1527,3731621376
B1164,W34 5:5,37316:21760,1509,3731621760
B1165,W34 5:5,37316:17280,1583,3731617280
B1166,W34 5:5,37316:14464,1809,3731614464
B1167,W34 5:5,37316:10880,1983,3731610880
B1168,W34 5:5,37315:44800,1935,3731544800
B1169,W34 5:5,37315:44928,1937,3731544928
B1170,W34 5:5,37316:13312,1827,3731613312
B1171,W34 5:5,37316:11776,1891,3731611776
B1172,W34 5:5,37316:19712,1563,3731619712
B1173,W34 5:5,37316:19584,1539,3731619584
B1174,W34 5:5,37316:19200,1529,3731619200
B1175,W34 5:5,37316:20864,1545,3731620864
B1176,W34 5:5,37316:18688,1521,3731618688
B1177,W34 5:5,37315:37504,1515,3731537504
B1178,W34 5:5,37315:37632,1991,3731537632
B1179,W34 5:5,37315:37888,1516,3731537888
B1180,W34 5:5,37315:12672,5,3731512672
B1181,W34 5:5,37315:38144,2163,3731538144
B1182,W34 5:5,37315:38272,2165,3731538272
B1183,W34 5:5,37315:38016,2161,3731538016
B1184,W34 5:5,37315:44288,1927,3731544288
B1185,W34 5:5,37315:38400,2167,3731538400
B1186,W34 5:5,37315:38528,2169,3731538528
B1187,W34 5:5,37315:44160,2159,3731544160
B1188,W34 5:5,37315:44032,2157,3731544032
B1189,W34 5:5,37315:43904,2155,3731543904
B1190,W34 5:5,37316:11008,1985,3731611008
B1191,W34 5:5,37315:45568,1947,3731545568
B1192,W34 5:5,37315:43776,2153,3731543776
B1193,W34 5:5,37315:44672,1933,3731544672
B1194,W34 5:5,37315:38656,2171,3731538656
B1195,W34 5:5,37315:43648,2151,3731543648
B1196,W34 5:5,37315:43520,2149,3731543520
B1197,W34 5:5,37315:43392,2147,3731543392
B1198,W34 5:5,37317:33280,1053,3731733280
B1199,W34 5:5,37315:45312,1943,3731545312
B1200,W34 5:5,37317:19584,1435,3731719584
B1201,W34 5:5,37317:39680,1649,3731739680
B1202,W34 5:5,37316:33280,1315,3731633280
B1203,W34 5:5,37315:44544,1931,3731544544
B1204,W34 5:5,37315:45440,1945,3731545440
B1205,W34 5:5,37315:45696,1949,3731545696
B1206,W34 5:5,37315:45184,1941,3731545184
B1207,W34 5:5,37317:61184,131,3731761184
B1208,W34 5:5,37317:42368,1607,3731742368
B1209,W34 5:5,37315:45952,1953,3731545952
B1210,W34 5:5,37315:44416,1929,3731544416
B1211,W34 5:5,37316:27776,1105,3731627776
B1212,W34 5:5,37316:26112,1131,3731626112
B1213,W34 5:5,37315:45824,1951,3731545824
B1214,W34 5:5,37316:18944,1523,3731618944
B1215,W34 5:5,37315:37760,1514,3731537760
B1216,W34 5:5,37315:43264,2145,3731543264
B1217,W34 5:5,37315:43136,2143,3731543136
B1218,W34 5:5,37315:43008,2141,3731543008
B1219,W34 5:5,37315:42880,2139,3731542880
B1220,W34 5:5,37315:42752,2137,3731542752
B1221,W34 5:5,37315:42624,2135,3731542624
B1222,W34 5:5,37315:42496,2133,3731542496
B1223,W34 5:5,37315:42368,2131,3731542368
B1224,W34 5:5,37315:42240,2129,3731542240
B1225,W34 5:5,14376:04243,2127,1437604243
B1226,W34 5:5,37315:42112,2125,3731542112
B1227,W34 5:5,37315:41984,2123,3731541984
B1228,W34 5:5,37315:41856,2121,3731541856
B1229,W34 5:5,37315:41728,2119,3731541728
B1230,W34 5:5,37315:41600,2119,3731541600
B1231,W34 5:5,37315:41472,2115,3731541472
B1232,W34 5:5,37315:41344,2113,3731541344
B1233,W34 5:5,37315:41216,2111,3731541216
B1234,W34 5:5,37315:41088,2107,3731541088
B1235,W34 5:5,37315:40960,2109,3731540960
B1236,W34 5:5,37315:40832,2105,3731540832
B1237,W34 5:5,37315:40704,2103,3731540704
B1238,W34 5:5,37315:40576,2101,3731540576
B1239,W34 5:5,37315:40448,2199,3731540448
B1240,W34 5:5,37315:40320,2197,3731540320
B1241,W34 5:5,37315:40192,2195,3731540192
B1242,W34 5:5,37315:40064,2191,3731540064
B1243,W34 5:5,37315:39936,2193,3731539936
B1244,W34 5:5,37315:39808,2189,3731539808
B1245,W34 5:5,37315:39680,2187,3731539680
B1246,W34 5:5,37315:39552,2185,3731539552
B1247,W34 5:5,37315:39424,2183,3731539424
B1248,W34 5:5,37315:39296,2181,3731539296
B1249,W34 5:5,37315:39168,2179,3731539168
B1250,W34 5:5,37315:39040,2177,3731539040
B1251,W34 5:5,37315:38912,2175,3731538912
B1252,W34 5:5,37315:38784,2173,3731538784
B1253,W34 5:5,37318:31104,641,3731831104
B1254,W34 5:5,37318:30976,639,3731830976
B1255,W34 5:5,37318:30592,633,3731830592
B1256,W34 5:5,37318:30336,637,3731830336
B1257,W34 5:5,37318:30208,279,3731830208
B1258,W34 5:5,37318:30720,631,3731830720
B1259,W34 5:5,37318:30080,281,3731830080
B1260,W34 5:5,37318:29952,283,3731829952
B1262,W34 5:5,37318:29824,621,3731829824
B1263,W34 5:5,37318:29440,603,3731829440
B1264,W34 5:5,37318:29056,597,3731829056
B1265,W34 5:5,37318:29312,601,3731829312
B1266,W34 5:5,37318:28928,595,3731828928
B1267,W34 5:5,37318:28800,591,3731828800
B1268,W34 5:5,37318:28672,589,3731828672
B1269,W34 5:5,37318:29696,607,3731829696
B1270,W34 5:5,37318:28416,585,3731828416
B1271,W34 5:5,37318:29568,605,3731829568
B1272,W34 5:5,37318:29184,599,3731829184
B1273,W34 5:5,37318:30848,629,3731830848
B1274,W34 5:5,37318:28160,581,3731828160
B1275,W34 5:5,37318:28032,579,3731828032
B1276,W34 5:5,37318:28544,587,3731828544
B1277,W34 5:5,37318:30464,635,3731830464
B1278,W34 5:5,37318:28288,583,3731828288
B1279,W34 5:5,37318:27776,619,3731827776
B1280,W34 5:5,37318:27264,611,3731827264
B1281,W34 5:5,37318:27648,617,3731827648
B1282,W34 5:5,37318:26880,645,3731826880
B1283,W34 5:5,37318:27136,609,3731827136
B1284,W34 5:5,37318:27392,613,3731827392
B1285,W34 5:5,37318:26752,1999,3731826752
B1286,W34 5:5,37318:31232,643,3731831232
B1287,W34 5:5,37318:27008,647,3731827008
B1288,W34 5:5,37318:27520,615,3731827520
B1289,W34 5:5,37318:26624,1997,3731826624
