Date,Content,Video title,Video publish time,Views
2023-08-01,44-ZYz89ns8,Waves Chasing | #shorts | #beach | #wavesounds,"Aug 28, 2023",0
2023-08-02,44-ZYz89ns8,Waves Chasing | #shorts | #beach | #wavesounds,"Aug 28, 2023",0
2023-08-03,44-ZYz89ns8,Waves Chasing | #shorts | #beach | #wavesounds,"Aug 28, 2023",0
2023-08-04,44-ZYz89ns8,Waves Chasing | #shorts | #beach | #wavesounds,"Aug 28, 2023",0
2023-08-05,44-ZYz89ns8,Waves Chasing | #shorts | #beach | #wavesounds,"Aug 28, 2023",0
2023-08-06,44-ZYz89ns8,Waves Chasing | #shorts | #beach | #wavesounds,"Aug 28, 2023",0
2023-08-07,44-ZYz89ns8,Waves Chasing | #shorts | #beach | #wavesounds,"Aug 28, 2023",0
2023-08-08,44-ZYz89ns8,Waves Chasing | #shorts | #beach | #wavesounds,"Aug 28, 2023",0
2023-08-09,44-ZYz89ns8,Waves Chasing | #shorts | #beach | #wavesounds,"Aug 28, 2023",0
2023-08-10,44-ZYz89ns8,Waves Chasing | #shorts | #beach | #wavesounds,"Aug 28, 2023",0
2023-08-11,44-ZYz89ns8,Waves Chasing | #shorts | #beach | #wavesounds,"Aug 28, 2023",0
2023-08-12,44-ZYz89ns8,Waves Chasing | #shorts | #beach | #wavesounds,"Aug 28, 2023",0
2023-08-13,44-ZYz89ns8,Waves Chasing | #shorts | #beach | #wavesounds,"Aug 28, 2023",0
2023-08-14,44-ZYz89ns8,Waves Chasing | #shorts | #beach | #wavesounds,"Aug 28, 2023",0
2023-08-15,44-ZYz89ns8,Waves Chasing | #shorts | #beach | #wavesounds,"Aug 28, 2023",0
2023-08-16,44-ZYz89ns8,Waves Chasing | #shorts | #beach | #wavesounds,"Aug 28, 2023",0
2023-08-17,44-ZYz89ns8,Waves Chasing | #shorts | #beach | #wavesounds,"Aug 28, 2023",0
2023-08-18,44-ZYz89ns8,Waves Chasing | #shorts | #beach | #wavesounds,"Aug 28, 2023",0
2023-08-19,44-ZYz89ns8,Waves Chasing | #shorts | #beach | #wavesounds,"Aug 28, 2023",0
2023-08-20,44-ZYz89ns8,Waves Chasing | #shorts | #beach | #wavesounds,"Aug 28, 2023",0
2023-08-21,44-ZYz89ns8,Waves Chasing | #shorts | #beach | #wavesounds,"Aug 28, 2023",0
2023-08-22,44-ZYz89ns8,Waves Chasing | #shorts | #beach | #wavesounds,"Aug 28, 2023",0
2023-08-23,44-ZYz89ns8,Waves Chasing | #shorts | #beach | #wavesounds,"Aug 28, 2023",0
2023-08-24,44-ZYz89ns8,Waves Chasing | #shorts | #beach | #wavesounds,"Aug 28, 2023",0
2023-08-25,44-ZYz89ns8,Waves Chasing | #shorts | #beach | #wavesounds,"Aug 28, 2023",0
2023-08-26,44-ZYz89ns8,Waves Chasing | #shorts | #beach | #wavesounds,"Aug 28, 2023",0
2023-08-27,44-ZYz89ns8,Waves Chasing | #shorts | #beach | #wavesounds,"Aug 28, 2023",0
2023-08-28,44-ZYz89ns8,Waves Chasing | #shorts | #beach | #wavesounds,"Aug 28, 2023",1448
2023-08-01,9Fe7yn0g_wc,Slowmo shot Indus River | Indus River Beggining | #slowmoriver,"Aug 19, 2023",0
2023-08-02,9Fe7yn0g_wc,Slowmo shot Indus River | Indus River Beggining | #slowmoriver,"Aug 19, 2023",0
2023-08-03,9Fe7yn0g_wc,Slowmo shot Indus River | Indus River Beggining | #slowmoriver,"Aug 19, 2023",0
2023-08-04,9Fe7yn0g_wc,Slowmo shot Indus River | Indus River Beggining | #slowmoriver,"Aug 19, 2023",0
2023-08-05,9Fe7yn0g_wc,Slowmo shot Indus River | Indus River Beggining | #slowmoriver,"Aug 19, 2023",0
2023-08-06,9Fe7yn0g_wc,Slowmo shot Indus River | Indus River Beggining | #slowmoriver,"Aug 19, 2023",0
2023-08-07,9Fe7yn0g_wc,Slowmo shot Indus River | Indus River Beggining | #slowmoriver,"Aug 19, 2023",0
2023-08-08,9Fe7yn0g_wc,Slowmo shot Indus River | Indus River Beggining | #slowmoriver,"Aug 19, 2023",0
2023-08-09,9Fe7yn0g_wc,Slowmo shot Indus River | Indus River Beggining | #slowmoriver,"Aug 19, 2023",0
2023-08-10,9Fe7yn0g_wc,Slowmo shot Indus River | Indus River Beggining | #slowmoriver,"Aug 19, 2023",0
2023-08-11,9Fe7yn0g_wc,Slowmo shot Indus River | Indus River Beggining | #slowmoriver,"Aug 19, 2023",0
2023-08-12,9Fe7yn0g_wc,Slowmo shot Indus River | Indus River Beggining | #slowmoriver,"Aug 19, 2023",0
2023-08-13,9Fe7yn0g_wc,Slowmo shot Indus River | Indus River Beggining | #slowmoriver,"Aug 19, 2023",0
2023-08-14,9Fe7yn0g_wc,Slowmo shot Indus River | Indus River Beggining | #slowmoriver,"Aug 19, 2023",0
2023-08-15,9Fe7yn0g_wc,Slowmo shot Indus River | Indus River Beggining | #slowmoriver,"Aug 19, 2023",0
2023-08-16,9Fe7yn0g_wc,Slowmo shot Indus River | Indus River Beggining | #slowmoriver,"Aug 19, 2023",0
2023-08-17,9Fe7yn0g_wc,Slowmo shot Indus River | Indus River Beggining | #slowmoriver,"Aug 19, 2023",0
2023-08-18,9Fe7yn0g_wc,Slowmo shot Indus River | Indus River Beggining | #slowmoriver,"Aug 19, 2023",0
2023-08-19,9Fe7yn0g_wc,Slowmo shot Indus River | Indus River Beggining | #slowmoriver,"Aug 19, 2023",345
2023-08-20,9Fe7yn0g_wc,Slowmo shot Indus River | Indus River Beggining | #slowmoriver,"Aug 19, 2023",1
2023-08-21,9Fe7yn0g_wc,Slowmo shot Indus River | Indus River Beggining | #slowmoriver,"Aug 19, 2023",0
2023-08-22,9Fe7yn0g_wc,Slowmo shot Indus River | Indus River Beggining | #slowmoriver,"Aug 19, 2023",0
2023-08-23,9Fe7yn0g_wc,Slowmo shot Indus River | Indus River Beggining | #slowmoriver,"Aug 19, 2023",0
2023-08-24,9Fe7yn0g_wc,Slowmo shot Indus River | Indus River Beggining | #slowmoriver,"Aug 19, 2023",0
2023-08-25,9Fe7yn0g_wc,Slowmo shot Indus River | Indus River Beggining | #slowmoriver,"Aug 19, 2023",0
2023-08-26,9Fe7yn0g_wc,Slowmo shot Indus River | Indus River Beggining | #slowmoriver,"Aug 19, 2023",0
2023-08-27,9Fe7yn0g_wc,Slowmo shot Indus River | Indus River Beggining | #slowmoriver,"Aug 19, 2023",0
2023-08-28,9Fe7yn0g_wc,Slowmo shot Indus River | Indus River Beggining | #slowmoriver,"Aug 19, 2023",0
2023-08-01,9mSvwd1OAi0,Glacier Water | Pure Glacier Water | #riversong,"Aug 11, 2023",0
2023-08-02,9mSvwd1OAi0,Glacier Water | Pure Glacier Water | #riversong,"Aug 11, 2023",0
2023-08-03,9mSvwd1OAi0,Glacier Water | Pure Glacier Water | #riversong,"Aug 11, 2023",0
2023-08-04,9mSvwd1OAi0,Glacier Water | Pure Glacier Water | #riversong,"Aug 11, 2023",0
2023-08-05,9mSvwd1OAi0,Glacier Water | Pure Glacier Water | #riversong,"Aug 11, 2023",0
2023-08-06,9mSvwd1OAi0,Glacier Water | Pure Glacier Water | #riversong,"Aug 11, 2023",0
2023-08-07,9mSvwd1OAi0,Glacier Water | Pure Glacier Water | #riversong,"Aug 11, 2023",0
2023-08-08,9mSvwd1OAi0,Glacier Water | Pure Glacier Water | #riversong,"Aug 11, 2023",0
2023-08-09,9mSvwd1OAi0,Glacier Water | Pure Glacier Water | #riversong,"Aug 11, 2023",0
2023-08-10,9mSvwd1OAi0,Glacier Water | Pure Glacier Water | #riversong,"Aug 11, 2023",0
2023-08-11,9mSvwd1OAi0,Glacier Water | Pure Glacier Water | #riversong,"Aug 11, 2023",982
2023-08-12,9mSvwd1OAi0,Glacier Water | Pure Glacier Water | #riversong,"Aug 11, 2023",6
2023-08-13,9mSvwd1OAi0,Glacier Water | Pure Glacier Water | #riversong,"Aug 11, 2023",0
2023-08-14,9mSvwd1OAi0,Glacier Water | Pure Glacier Water | #riversong,"Aug 11, 2023",0
2023-08-15,9mSvwd1OAi0,Glacier Water | Pure Glacier Water | #riversong,"Aug 11, 2023",0
2023-08-16,9mSvwd1OAi0,Glacier Water | Pure Glacier Water | #riversong,"Aug 11, 2023",0
2023-08-17,9mSvwd1OAi0,Glacier Water | Pure Glacier Water | #riversong,"Aug 11, 2023",0
2023-08-18,9mSvwd1OAi0,Glacier Water | Pure Glacier Water | #riversong,"Aug 11, 2023",0
2023-08-19,9mSvwd1OAi0,Glacier Water | Pure Glacier Water | #riversong,"Aug 11, 2023",0
2023-08-20,9mSvwd1OAi0,Glacier Water | Pure Glacier Water | #riversong,"Aug 11, 2023",0
2023-08-21,9mSvwd1OAi0,Glacier Water | Pure Glacier Water | #riversong,"Aug 11, 2023",0
2023-08-22,9mSvwd1OAi0,Glacier Water | Pure Glacier Water | #riversong,"Aug 11, 2023",0
2023-08-23,9mSvwd1OAi0,Glacier Water | Pure Glacier Water | #riversong,"Aug 11, 2023",0
2023-08-24,9mSvwd1OAi0,Glacier Water | Pure Glacier Water | #riversong,"Aug 11, 2023",0
2023-08-25,9mSvwd1OAi0,Glacier Water | Pure Glacier Water | #riversong,"Aug 11, 2023",0
2023-08-26,9mSvwd1OAi0,Glacier Water | Pure Glacier Water | #riversong,"Aug 11, 2023",0
2023-08-27,9mSvwd1OAi0,Glacier Water | Pure Glacier Water | #riversong,"Aug 11, 2023",0
2023-08-28,9mSvwd1OAi0,Glacier Water | Pure Glacier Water | #riversong,"Aug 11, 2023",0
2023-08-01,N9V9bFjS8XA,Crunchy Sausage | #cooking | #asmrcooking #howtocook,"Aug 23, 2023",0
2023-08-02,N9V9bFjS8XA,Crunchy Sausage | #cooking | #asmrcooking #howtocook,"Aug 23, 2023",0
2023-08-03,N9V9bFjS8XA,Crunchy Sausage | #cooking | #asmrcooking #howtocook,"Aug 23, 2023",0
2023-08-04,N9V9bFjS8XA,Crunchy Sausage | #cooking | #asmrcooking #howtocook,"Aug 23, 2023",0
2023-08-05,N9V9bFjS8XA,Crunchy Sausage | #cooking | #asmrcooking #howtocook,"Aug 23, 2023",0
2023-08-06,N9V9bFjS8XA,Crunchy Sausage | #cooking | #asmrcooking #howtocook,"Aug 23, 2023",0
2023-08-07,N9V9bFjS8XA,Crunchy Sausage | #cooking | #asmrcooking #howtocook,"Aug 23, 2023",0
2023-08-08,N9V9bFjS8XA,Crunchy Sausage | #cooking | #asmrcooking #howtocook,"Aug 23, 2023",0
2023-08-09,N9V9bFjS8XA,Crunchy Sausage | #cooking | #asmrcooking #howtocook,"Aug 23, 2023",0
2023-08-10,N9V9bFjS8XA,Crunchy Sausage | #cooking | #asmrcooking #howtocook,"Aug 23, 2023",0
2023-08-11,N9V9bFjS8XA,Crunchy Sausage | #cooking | #asmrcooking #howtocook,"Aug 23, 2023",0
2023-08-12,N9V9bFjS8XA,Crunchy Sausage | #cooking | #asmrcooking #howtocook,"Aug 23, 2023",0
2023-08-13,N9V9bFjS8XA,Crunchy Sausage | #cooking | #asmrcooking #howtocook,"Aug 23, 2023",0
2023-08-14,N9V9bFjS8XA,Crunchy Sausage | #cooking | #asmrcooking #howtocook,"Aug 23, 2023",0
2023-08-15,N9V9bFjS8XA,Crunchy Sausage | #cooking | #asmrcooking #howtocook,"Aug 23, 2023",0
2023-08-16,N9V9bFjS8XA,Crunchy Sausage | #cooking | #asmrcooking #howtocook,"Aug 23, 2023",0
2023-08-17,N9V9bFjS8XA,Crunchy Sausage | #cooking | #asmrcooking #howtocook,"Aug 23, 2023",0
2023-08-18,N9V9bFjS8XA,Crunchy Sausage | #cooking | #asmrcooking #howtocook,"Aug 23, 2023",0
2023-08-19,N9V9bFjS8XA,Crunchy Sausage | #cooking | #asmrcooking #howtocook,"Aug 23, 2023",0
2023-08-20,N9V9bFjS8XA,Crunchy Sausage | #cooking | #asmrcooking #howtocook,"Aug 23, 2023",0
2023-08-21,N9V9bFjS8XA,Crunchy Sausage | #cooking | #asmrcooking #howtocook,"Aug 23, 2023",0
2023-08-22,N9V9bFjS8XA,Crunchy Sausage | #cooking | #asmrcooking #howtocook,"Aug 23, 2023",0
2023-08-23,N9V9bFjS8XA,Crunchy Sausage | #cooking | #asmrcooking #howtocook,"Aug 23, 2023",1173
2023-08-24,N9V9bFjS8XA,Crunchy Sausage | #cooking | #asmrcooking #howtocook,"Aug 23, 2023",11
2023-08-25,N9V9bFjS8XA,Crunchy Sausage | #cooking | #asmrcooking #howtocook,"Aug 23, 2023",2
2023-08-26,N9V9bFjS8XA,Crunchy Sausage | #cooking | #asmrcooking #howtocook,"Aug 23, 2023",0
2023-08-27,N9V9bFjS8XA,Crunchy Sausage | #cooking | #asmrcooking #howtocook,"Aug 23, 2023",1
2023-08-28,N9V9bFjS8XA,Crunchy Sausage | #cooking | #asmrcooking #howtocook,"Aug 23, 2023",1
2023-08-01,sVjIGrtP9cw,Underwater Shot | Blue Lake | #naltarvalley,"Aug 10, 2023",0
2023-08-02,sVjIGrtP9cw,Underwater Shot | Blue Lake | #naltarvalley,"Aug 10, 2023",0
2023-08-03,sVjIGrtP9cw,Underwater Shot | Blue Lake | #naltarvalley,"Aug 10, 2023",0
2023-08-04,sVjIGrtP9cw,Underwater Shot | Blue Lake | #naltarvalley,"Aug 10, 2023",0
2023-08-05,sVjIGrtP9cw,Underwater Shot | Blue Lake | #naltarvalley,"Aug 10, 2023",0
2023-08-06,sVjIGrtP9cw,Underwater Shot | Blue Lake | #naltarvalley,"Aug 10, 2023",0
2023-08-07,sVjIGrtP9cw,Underwater Shot | Blue Lake | #naltarvalley,"Aug 10, 2023",0
2023-08-08,sVjIGrtP9cw,Underwater Shot | Blue Lake | #naltarvalley,"Aug 10, 2023",0
2023-08-09,sVjIGrtP9cw,Underwater Shot | Blue Lake | #naltarvalley,"Aug 10, 2023",0
2023-08-10,sVjIGrtP9cw,Underwater Shot | Blue Lake | #naltarvalley,"Aug 10, 2023",2284
2023-08-11,sVjIGrtP9cw,Underwater Shot | Blue Lake | #naltarvalley,"Aug 10, 2023",71
2023-08-12,sVjIGrtP9cw,Underwater Shot | Blue Lake | #naltarvalley,"Aug 10, 2023",11
2023-08-13,sVjIGrtP9cw,Underwater Shot | Blue Lake | #naltarvalley,"Aug 10, 2023",0
2023-08-14,sVjIGrtP9cw,Underwater Shot | Blue Lake | #naltarvalley,"Aug 10, 2023",1
2023-08-15,sVjIGrtP9cw,Underwater Shot | Blue Lake | #naltarvalley,"Aug 10, 2023",0
2023-08-16,sVjIGrtP9cw,Underwater Shot | Blue Lake | #naltarvalley,"Aug 10, 2023",0
2023-08-17,sVjIGrtP9cw,Underwater Shot | Blue Lake | #naltarvalley,"Aug 10, 2023",0
2023-08-18,sVjIGrtP9cw,Underwater Shot | Blue Lake | #naltarvalley,"Aug 10, 2023",0
2023-08-19,sVjIGrtP9cw,Underwater Shot | Blue Lake | #naltarvalley,"Aug 10, 2023",1
2023-08-20,sVjIGrtP9cw,Underwater Shot | Blue Lake | #naltarvalley,"Aug 10, 2023",0
2023-08-21,sVjIGrtP9cw,Underwater Shot | Blue Lake | #naltarvalley,"Aug 10, 2023",0
2023-08-22,sVjIGrtP9cw,Underwater Shot | Blue Lake | #naltarvalley,"Aug 10, 2023",1
2023-08-23,sVjIGrtP9cw,Underwater Shot | Blue Lake | #naltarvalley,"Aug 10, 2023",0
2023-08-24,sVjIGrtP9cw,Underwater Shot | Blue Lake | #naltarvalley,"Aug 10, 2023",0
2023-08-25,sVjIGrtP9cw,Underwater Shot | Blue Lake | #naltarvalley,"Aug 10, 2023",0
2023-08-26,sVjIGrtP9cw,Underwater Shot | Blue Lake | #naltarvalley,"Aug 10, 2023",0
2023-08-27,sVjIGrtP9cw,Underwater Shot | Blue Lake | #naltarvalley,"Aug 10, 2023",0
2023-08-28,sVjIGrtP9cw,Underwater Shot | Blue Lake | #naltarvalley,"Aug 10, 2023",0
