Content,Video title,Video publish time,Views,Watch time (hours),Subscribers,Average view duration,Impressions,Impressions click-through rate (%)
Total,,,8424,34.9017,20,0:00:14,3193,3.73
sVjIGrtP9cw,Underwater Shot | Blue Lake | #naltarvalley,"Aug 10, 2023",2369,9.4479,2,0:00:14,43,9.3
44-ZYz89ns8,Waves Chasing | #shorts | #beach | #wavesounds,"Aug 28, 2023",1448,4.2245,4,0:00:10,6,16.67
N9V9bFjS8XA,Crunchy Sausage | #cooking | #asmrcooking #howtocook,"Aug 23, 2023",1188,7.4197,5,0:00:22,50,4
9mSvwd1OAi0,Glacier Water | Pure Glacier Water | #riversong,"Aug 11, 2023",988,4.7798,1,0:00:17,53,1.89
9Fe7yn0g_wc,Slowmo shot Indus River | Indus River Beggining | #slowmoriver,"Aug 19, 2023",346,0.8455,1,0:00:08,54,3.7
ydeigFSZQAk,Passu Cones | #travel | #mountains | #shorts,"Aug 21, 2023",283,0.9265,0,0:00:11,35,5.71
46QqENz42RE,My first ASMR Video | Chai ASMR | #asmr | #asmrcooking,"Aug 18, 2023",277,1.2619,1,0:00:16,600,1.83
IlMaxZCdmt4,Ice Blue Water | #iceblue | #riverside | #glacier | #travel #shorts,"Aug 27, 2023",253,0.7869,1,0:00:11,20,5
GDOiO_9r3-Y,Skardu Valley | #travel | #makeba | #nature,"Aug 21, 2023",147,0.6584,0,0:00:16,32,9.38
ljZrI2Ghq-0,Dinner with Mama ♥️ | #shorts | #shots | #lifeupdate,"Aug 2, 2023",145,0.46,0,0:00:11,51,7.84
5kYtOJdYmO8,Skardu Vlog Part II | #travel #nature #jabjabjab30 #bhasho,"Aug 22, 2023",127,0.4744,1,0:00:13,41,9.76
5OROZRl979U,Ladakh Road | Skardu | #travelshorts #trip,"Aug 15, 2023",100,0.2901,0,0:00:10,46,6.52
leptj5guytI,NO EDIT JUST A COW IN MEADOWS| #shorts #nature #cowsin nature,"Aug 25, 2023",77,0.3416,0,0:00:15,28,10.71
1gawJeoS11M,Scored goals by flanking opponent | #pes | #efootball2023 | #shots |,"Aug 5, 2023",70,0.2761,0,0:00:14,54,0
7LPRIssiSEA,Berserk | Guts and Casca | #berserk | #gutscasca | #anime,"Aug 6, 2023",59,0.2125,0,0:00:12,1139,3.34
IXrIkyaYsvU,Fried Sausage | #food | #foodie | #asmrcooking | #asmrsounds | #jabjabjab30,"Aug 25, 2023",58,0.4115,0,0:00:25,15,13.33
 -IqvEGXZ6g0,Naltar Valley | Gilgit Baldistan |#travel,"Aug 8, 2023",56,0.2899,2,0:00:18,102,4.9
RFkNBa04Xm4,River side with Chan Kittha | #riversongs | #alisethi | #calmvideos,"Aug 12, 2023",50,0.2024,1,0:00:14,52,7.69
B7cKPwPB99o,Strongest Troop in Builder Base || #mobilegaming || #gamingshots || #coc,"Aug 1, 2023",41,0.1024,0,0:00:08,45,2.22
5CZMtSeNlGU,Dancing Lake | Naltar Valley | #noedit | #dancinglake | #naturesounds,"Aug 11, 2023",40,0.2211,0,0:00:19,57,3.51
90Sz4eVN-bo,Where did we travel in july | #travelshorts | #familyshorts | #paktourvlogs,"Aug 10, 2023",40,0.164,1,0:00:14,41,2.44
A39IHtrmQYA,POV: Going to North in Pakistan | #travelshots | #travel,"Aug 13, 2023",38,0.1689,0,0:00:16,35,5.71
iptbiJ06IhY,Pakistan Independence Day | #pakistanzindabad,"Aug 13, 2023",34,0.1463,0,0:00:15,40,2.5
D9ofHy4ZB34,Bhasho Valley Vlog Part I || #jabjabjab30 | #travelvlog | #vlogshorts | #familyvlog,"Aug 22, 2023",30,0.1723,0,0:00:20,36,2.78
eLHMFhRSBwE,How To Learn German Words Meaning| #learninggerman | #germanwords | #howtolearn,"Aug 20, 2023",30,0.1852,0,0:00:22,49,4.08
l0iwGPmrN-w,Training Day | Futsal | #footballshorts #football,"Aug 17, 2023",29,0.0785,0,0:00:09,38,5.26
z3qUTy4V3nM,Karachi Bun Kabab | #bunkabab  | #eggcooking,"Aug 11, 2023",17,0.0556,0,0:00:11,79,0
akOH5h-NDIg,Punjab Morning in Winters | #fyp #fypシ #punjab,"Aug 23, 2023",12,0.0363,0,0:00:10,25,0
dqjGA9MA_3o,Mian Baarish Main Kahan? | Funny Skit #002 | #funnyvideos | #funnyskits,"Jul 29, 2023",10,0.0326,0,0:00:11,38,10.53
if-UdP0K-aw,Hunza Peace | #hunza | #peace | #naturesounds,"Jul 31, 2023",9,0.0286,0,0:00:11,52,5.77
vdqmidwtrEc,Dil Aakhir Tu kyun rota hai | #farhanakhterpoetry | #farhanakhter,"Aug 20, 2023",9,0.0285,0,0:00:11,45,2.22
K9bZvytPqVU,Messi Magician | #footballshorts | #messi | #football | #intermiami,"Aug 27, 2023",8,0.0402,0,0:00:18,15,0
mcs31X_-Kwk,PES Attack || #PES || #efootball2023,"Jul 31, 2023",5,0.0238,0,0:00:17,40,0
7-01tvbrfxY,Hall of Fame Inductees | Funny skit #003 | #funnyvideos #funnyskits,"Jul 29, 2023",4,0.0104,0,0:00:09,26,3.85
hAS4tfB2h3U,R.I.P Kyun bola | Funny Skit#005 | #funnyskits | #funnyvideos,"Jul 29, 2023",4,0.0197,0,0:00:17,21,4.76
jY1_1glnaZc,Zoom Class | Funny Skit#004 | #funnyvideos | #funnyskits,"Jul 29, 2023",4,0.0084,0,0:00:07,25,12
efgtzmuNSKA,Dhol Kyun Baja rae hain?  | Funny Skit #001 | #funnyvideos | #funnyskits,"Jul 29, 2023",3,0.0077,0,0:00:09,42,2.38
fcvRLYztxJ8,Faisal Mover Guide #faisalmovers #familytrip,"Jul 27, 2023",2,0.0106,0,0:00:19,9,11.11
VHT4jU5fRtE,Malik aur Hafeez ka bukhaar,"Sep 24, 2022",1,0.003,0,0:00:10,7,14.29
