Date,Operating system,Views
2023-08-01,Unknown,0
2023-08-02,Unknown,0
2023-08-03,Unknown,0
2023-08-04,Unknown,0
2023-08-05,Unknown,0
2023-08-06,Unknown,0
2023-08-07,Unknown,0
2023-08-08,Unknown,0
2023-08-09,Unknown,0
2023-08-10,Unknown,0
2023-08-11,Unknown,0
2023-08-12,Unknown,0
2023-08-13,Unknown,0
2023-08-14,Unknown,0
2023-08-15,Unknown,0
2023-08-16,Unknown,0
2023-08-17,Unknown,0
2023-08-18,Unknown,0
2023-08-19,Unknown,0
2023-08-20,Unknown,0
2023-08-21,Unknown,0
2023-08-22,Unknown,0
2023-08-23,Unknown,0
2023-08-24,Unknown,0
2023-08-25,Unknown,0
2023-08-26,Unknown,0
2023-08-27,Unknown,0
2023-08-28,Unknown,7
2023-08-01,Windows,1
2023-08-02,Windows,3
2023-08-03,Windows,1
2023-08-04,Windows,0
2023-08-05,Windows,1
2023-08-06,Windows,2
2023-08-07,Windows,4
2023-08-08,Windows,0
2023-08-09,Windows,3
2023-08-10,Windows,76
2023-08-11,Windows,51
2023-08-12,Windows,11
2023-08-13,Windows,0
2023-08-14,Windows,0
2023-08-15,Windows,2
2023-08-16,Windows,0
2023-08-17,Windows,1
2023-08-18,Windows,8
2023-08-19,Windows,14
2023-08-20,Windows,2
2023-08-21,Windows,12
2023-08-22,Windows,10
2023-08-23,Windows,49
2023-08-24,Windows,3
2023-08-25,Windows,3
2023-08-26,Windows,2
2023-08-27,Windows,2
2023-08-28,Windows,41
2023-08-01,Android,31
2023-08-02,Android,137
2023-08-03,Android,10
2023-08-04,Android,0
2023-08-05,Android,48
2023-08-06,Android,12
2023-08-07,Android,14
2023-08-08,Android,9
2023-08-09,Android,38
2023-08-10,Android,1794
2023-08-11,Android,824
2023-08-12,Android,48
2023-08-13,Android,42
2023-08-14,Android,27
2023-08-15,Android,78
2023-08-16,Android,0
2023-08-17,Android,18
2023-08-18,Android,220
2023-08-19,Android,301
2023-08-20,Android,27
2023-08-21,Android,256
2023-08-22,Android,195
2023-08-23,Android,725
2023-08-24,Android,57
2023-08-25,Android,20
2023-08-26,Android,55
2023-08-27,Android,244
2023-08-28,Android,1170
2023-08-01,iOS,11
2023-08-02,iOS,6
2023-08-03,iOS,0
2023-08-04,iOS,0
2023-08-05,iOS,18
2023-08-06,iOS,0
2023-08-07,iOS,1
2023-08-08,iOS,0
2023-08-09,iOS,7
2023-08-10,iOS,388
2023-08-11,iOS,208
2023-08-12,iOS,5
2023-08-13,iOS,1
2023-08-14,iOS,0
2023-08-15,iOS,13
2023-08-16,iOS,0
2023-08-17,iOS,5
2023-08-18,iOS,31
2023-08-19,iOS,45
2023-08-20,iOS,6
2023-08-21,iOS,40
2023-08-22,iOS,45
2023-08-23,iOS,282
2023-08-24,iOS,9
2023-08-25,iOS,1
2023-08-26,iOS,11
2023-08-27,iOS,16
2023-08-28,iOS,181
2023-08-01,Macintosh,0
2023-08-02,Macintosh,0
2023-08-03,Macintosh,0
2023-08-04,Macintosh,0
2023-08-05,Macintosh,0
2023-08-06,Macintosh,0
2023-08-07,Macintosh,1
2023-08-08,Macintosh,0
2023-08-09,Macintosh,1
2023-08-10,Macintosh,20
2023-08-11,Macintosh,4
2023-08-12,Macintosh,0
2023-08-13,Macintosh,0
2023-08-14,Macintosh,0
2023-08-15,Macintosh,0
2023-08-16,Macintosh,0
2023-08-17,Macintosh,0
2023-08-18,Macintosh,1
2023-08-19,Macintosh,1
2023-08-20,Macintosh,0
2023-08-21,Macintosh,1
2023-08-22,Macintosh,1
2023-08-23,Macintosh,4
2023-08-24,Macintosh,0
2023-08-25,Macintosh,0
2023-08-26,Macintosh,0
2023-08-27,Macintosh,1
2023-08-28,Macintosh,2
2023-08-01,PlayStation,0
2023-08-02,PlayStation,0
2023-08-03,PlayStation,0
2023-08-04,PlayStation,0
2023-08-05,PlayStation,2
2023-08-06,PlayStation,0
2023-08-07,PlayStation,0
2023-08-08,PlayStation,0
2023-08-09,PlayStation,0
2023-08-10,PlayStation,2
2023-08-11,PlayStation,0
2023-08-12,PlayStation,0
2023-08-13,PlayStation,0
2023-08-14,PlayStation,0
2023-08-15,PlayStation,0
2023-08-16,PlayStation,0
2023-08-17,PlayStation,0
2023-08-18,PlayStation,0
2023-08-19,PlayStation,1
2023-08-20,PlayStation,0
2023-08-21,PlayStation,0
2023-08-22,PlayStation,0
2023-08-23,PlayStation,3
2023-08-24,PlayStation,0
2023-08-25,PlayStation,0
2023-08-26,PlayStation,0
2023-08-27,PlayStation,0
2023-08-28,PlayStation,1
2023-08-01,WebOS,1
2023-08-02,WebOS,0
2023-08-03,WebOS,0
2023-08-04,WebOS,0
2023-08-05,WebOS,0
2023-08-06,WebOS,0
2023-08-07,WebOS,0
2023-08-08,WebOS,0
2023-08-09,WebOS,0
2023-08-10,WebOS,5
2023-08-11,WebOS,3
2023-08-12,WebOS,0
2023-08-13,WebOS,1
2023-08-14,WebOS,0
2023-08-15,WebOS,0
2023-08-16,WebOS,0
2023-08-17,WebOS,0
2023-08-18,WebOS,0
2023-08-19,WebOS,1
2023-08-20,WebOS,0
2023-08-21,WebOS,1
2023-08-22,WebOS,0
2023-08-23,WebOS,29
2023-08-24,WebOS,0
2023-08-25,WebOS,0
2023-08-26,WebOS,0
2023-08-27,WebOS,0
2023-08-28,WebOS,11
2023-08-01,Linux,0
2023-08-02,Linux,0
2023-08-03,Linux,0
2023-08-04,Linux,0
2023-08-05,Linux,0
2023-08-06,Linux,0
2023-08-07,Linux,0
2023-08-08,Linux,0
2023-08-09,Linux,0
2023-08-10,Linux,1
2023-08-11,Linux,1
2023-08-12,Linux,0
2023-08-13,Linux,0
2023-08-14,Linux,0
2023-08-15,Linux,0
2023-08-16,Linux,0
2023-08-17,Linux,0
2023-08-18,Linux,0
2023-08-19,Linux,0
2023-08-20,Linux,0
2023-08-21,Linux,0
2023-08-22,Linux,0
2023-08-23,Linux,1
2023-08-24,Linux,0
2023-08-25,Linux,0
2023-08-26,Linux,0
2023-08-27,Linux,1
2023-08-28,Linux,0
2023-08-01,Xbox,0
2023-08-02,Xbox,0
2023-08-03,Xbox,0
2023-08-04,Xbox,0
2023-08-05,Xbox,0
2023-08-06,Xbox,0
2023-08-07,Xbox,0
2023-08-08,Xbox,0
2023-08-09,Xbox,0
2023-08-10,Xbox,4
2023-08-11,Xbox,3
2023-08-12,Xbox,0
2023-08-13,Xbox,0
2023-08-14,Xbox,0
2023-08-15,Xbox,0
2023-08-16,Xbox,0
2023-08-17,Xbox,0
2023-08-18,Xbox,0
2023-08-19,Xbox,0
2023-08-20,Xbox,0
2023-08-21,Xbox,0
2023-08-22,Xbox,0
2023-08-23,Xbox,4
2023-08-24,Xbox,0
2023-08-25,Xbox,0
2023-08-26,Xbox,0
2023-08-27,Xbox,0
2023-08-28,Xbox,5
2023-08-01,Smart TV,0
2023-08-02,Smart TV,0
2023-08-03,Smart TV,0
2023-08-04,Smart TV,0
2023-08-05,Smart TV,1
2023-08-06,Smart TV,0
2023-08-07,Smart TV,0
2023-08-08,Smart TV,0
2023-08-09,Smart TV,2
2023-08-10,Smart TV,27
2023-08-11,Smart TV,1
2023-08-12,Smart TV,0
2023-08-13,Smart TV,2
2023-08-14,Smart TV,0
2023-08-15,Smart TV,0
2023-08-16,Smart TV,0
2023-08-17,Smart TV,0
2023-08-18,Smart TV,0
2023-08-19,Smart TV,3
2023-08-20,Smart TV,0
2023-08-21,Smart TV,1
2023-08-22,Smart TV,2
2023-08-23,Smart TV,62
2023-08-24,Smart TV,0
2023-08-25,Smart TV,0
2023-08-26,Smart TV,0
2023-08-27,Smart TV,3
2023-08-28,Smart TV,35
2023-08-01,Chromecast,1
2023-08-02,Chromecast,0
2023-08-03,Chromecast,0
2023-08-04,Chromecast,0
2023-08-05,Chromecast,0
2023-08-06,Chromecast,0
2023-08-07,Chromecast,0
2023-08-08,Chromecast,0
2023-08-09,Chromecast,0
2023-08-10,Chromecast,0
2023-08-11,Chromecast,1
2023-08-12,Chromecast,0
2023-08-13,Chromecast,0
2023-08-14,Chromecast,0
2023-08-15,Chromecast,0
2023-08-16,Chromecast,0
2023-08-17,Chromecast,0
2023-08-18,Chromecast,0
2023-08-19,Chromecast,0
2023-08-20,Chromecast,0
2023-08-21,Chromecast,0
2023-08-22,Chromecast,0
2023-08-23,Chromecast,0
2023-08-24,Chromecast,0
2023-08-25,Chromecast,0
2023-08-26,Chromecast,0
2023-08-27,Chromecast,0
2023-08-28,Chromecast,0
2023-08-01,KaiOS,0
2023-08-02,KaiOS,0
2023-08-03,KaiOS,0
2023-08-04,KaiOS,0
2023-08-05,KaiOS,0
2023-08-06,KaiOS,0
2023-08-07,KaiOS,0
2023-08-08,KaiOS,0
2023-08-09,KaiOS,0
2023-08-10,KaiOS,0
2023-08-11,KaiOS,0
2023-08-12,KaiOS,0
2023-08-13,KaiOS,0
2023-08-14,KaiOS,0
2023-08-15,KaiOS,0
2023-08-16,KaiOS,0
2023-08-17,KaiOS,0
2023-08-18,KaiOS,0
2023-08-19,KaiOS,0
2023-08-20,KaiOS,0
2023-08-21,KaiOS,0
2023-08-22,KaiOS,0
2023-08-23,KaiOS,0
2023-08-24,KaiOS,0
2023-08-25,KaiOS,0
2023-08-26,KaiOS,0
2023-08-27,KaiOS,0
2023-08-28,KaiOS,0
2023-08-01,Roku OS,3
2023-08-02,Roku OS,0
2023-08-03,Roku OS,0
2023-08-04,Roku OS,0
2023-08-05,Roku OS,1
2023-08-06,Roku OS,0
2023-08-07,Roku OS,1
2023-08-08,Roku OS,0
2023-08-09,Roku OS,0
2023-08-10,Roku OS,8
2023-08-11,Roku OS,4
2023-08-12,Roku OS,0
2023-08-13,Roku OS,0
2023-08-14,Roku OS,0
2023-08-15,Roku OS,1
2023-08-16,Roku OS,0
2023-08-17,Roku OS,0
2023-08-18,Roku OS,0
2023-08-19,Roku OS,1
2023-08-20,Roku OS,1
2023-08-21,Roku OS,0
2023-08-22,Roku OS,2
2023-08-23,Roku OS,8
2023-08-24,Roku OS,0
2023-08-25,Roku OS,0
2023-08-26,Roku OS,0
2023-08-27,Roku OS,0
2023-08-28,Roku OS,6
2023-08-01,Nintendo Switch,0
2023-08-02,Nintendo Switch,0
2023-08-03,Nintendo Switch,0
2023-08-04,Nintendo Switch,0
2023-08-05,Nintendo Switch,0
2023-08-06,Nintendo Switch,0
2023-08-07,Nintendo Switch,0
2023-08-08,Nintendo Switch,0
2023-08-09,Nintendo Switch,0
2023-08-10,Nintendo Switch,4
2023-08-11,Nintendo Switch,0
2023-08-12,Nintendo Switch,0
2023-08-13,Nintendo Switch,0
2023-08-14,Nintendo Switch,0
2023-08-15,Nintendo Switch,0
2023-08-16,Nintendo Switch,0
2023-08-17,Nintendo Switch,0
2023-08-18,Nintendo Switch,0
2023-08-19,Nintendo Switch,0
2023-08-20,Nintendo Switch,0
2023-08-21,Nintendo Switch,0
2023-08-22,Nintendo Switch,0
2023-08-23,Nintendo Switch,12
2023-08-24,Nintendo Switch,0
2023-08-25,Nintendo Switch,0
2023-08-26,Nintendo Switch,0
2023-08-27,Nintendo Switch,0
2023-08-28,Nintendo Switch,4
2023-08-01,Apple tvOS,0
2023-08-02,Apple tvOS,0
2023-08-03,Apple tvOS,0
2023-08-04,Apple tvOS,0
2023-08-05,Apple tvOS,0
2023-08-06,Apple tvOS,0
2023-08-07,Apple tvOS,0
2023-08-08,Apple tvOS,0
2023-08-09,Apple tvOS,0
2023-08-10,Apple tvOS,1
2023-08-11,Apple tvOS,2
2023-08-12,Apple tvOS,0
2023-08-13,Apple tvOS,0
2023-08-14,Apple tvOS,0
2023-08-15,Apple tvOS,0
2023-08-16,Apple tvOS,0
2023-08-17,Apple tvOS,0
2023-08-18,Apple tvOS,0
2023-08-19,Apple tvOS,0
2023-08-20,Apple tvOS,0
2023-08-21,Apple tvOS,0
2023-08-22,Apple tvOS,0
2023-08-23,Apple tvOS,0
2023-08-24,Apple tvOS,0
2023-08-25,Apple tvOS,0
2023-08-26,Apple tvOS,0
2023-08-27,Apple tvOS,0
2023-08-28,Apple tvOS,0
2023-08-01,Amazon Fire OS,1
2023-08-02,Amazon Fire OS,0
2023-08-03,Amazon Fire OS,0
2023-08-04,Amazon Fire OS,0
2023-08-05,Amazon Fire OS,0
2023-08-06,Amazon Fire OS,0
2023-08-07,Amazon Fire OS,0
2023-08-08,Amazon Fire OS,0
2023-08-09,Amazon Fire OS,0
2023-08-10,Amazon Fire OS,8
2023-08-11,Amazon Fire OS,3
2023-08-12,Amazon Fire OS,0
2023-08-13,Amazon Fire OS,1
2023-08-14,Amazon Fire OS,0
2023-08-15,Amazon Fire OS,0
2023-08-16,Amazon Fire OS,0
2023-08-17,Amazon Fire OS,0
2023-08-18,Amazon Fire OS,0
2023-08-19,Amazon Fire OS,1
2023-08-20,Amazon Fire OS,1
2023-08-21,Amazon Fire OS,1
2023-08-22,Amazon Fire OS,0
2023-08-23,Amazon Fire OS,5
2023-08-24,Amazon Fire OS,0
2023-08-25,Amazon Fire OS,0
2023-08-26,Amazon Fire OS,0
2023-08-27,Amazon Fire OS,0
2023-08-28,Amazon Fire OS,3
2023-08-01,Chrome OS,0
2023-08-02,Chrome OS,0
2023-08-03,Chrome OS,0
2023-08-04,Chrome OS,0
2023-08-05,Chrome OS,0
2023-08-06,Chrome OS,0
2023-08-07,Chrome OS,0
2023-08-08,Chrome OS,0
2023-08-09,Chrome OS,0
2023-08-10,Chrome OS,5
2023-08-11,Chrome OS,0
2023-08-12,Chrome OS,0
2023-08-13,Chrome OS,0
2023-08-14,Chrome OS,0
2023-08-15,Chrome OS,0
2023-08-16,Chrome OS,0
2023-08-17,Chrome OS,0
2023-08-18,Chrome OS,0
2023-08-19,Chrome OS,1
2023-08-20,Chrome OS,0
2023-08-21,Chrome OS,0
2023-08-22,Chrome OS,1
2023-08-23,Chrome OS,2
2023-08-24,Chrome OS,0
2023-08-25,Chrome OS,0
2023-08-26,Chrome OS,0
2023-08-27,Chrome OS,0
2023-08-28,Chrome OS,3
