Operating system,Views,Watch time (hours),Average view duration
Total,8424,34.9017,0:00:14
Android,6400,26.864,0:00:15
iOS,1330,4.786,0:00:12
Windows,302,1.2255,0:00:14
Smart TV,139,0.9914,0:00:25
WebOS,52,0.2339,0:00:16
Macintosh,37,0.1354,0:00:13
Roku OS,36,0.1523,0:00:15
Amazon Fire OS,24,0.1522,0:00:22
Nintendo Switch,20,0.0979,0:00:17
Xbox,16,0.0442,0:00:09
Chrome OS,12,0.0381,0:00:11
PlayStation,9,0.0386,0:00:15
Unknown,7,0.0162,0:00:08
Linux,4,0.0081,0:00:07
Apple tvOS,3,0.0067,0:00:08
Chromecast,2,0.004,0:00:07
KaiOS,0,0,
